mean_fit_time,mean_score_time,mean_test_score,param_MLP__activation,param_MLP__alpha,param_MLP__hidden_layer_sizes,param_MLP__learning_rate,param_MLP__solver,params,rank_test_score,split0_test_score,split1_test_score,split2_test_score,split3_test_score,std_fit_time,std_score_time,std_test_score
0.0783707499504,0.00270557403564,0.413825220502,logistic,1000.0,"(125,)",adaptive,adam,"{'MLP__hidden_layer_sizes': (125,), 'MLP__learning_rate': 'adaptive', 'MLP__activation': 'logistic', 'MLP__solver': 'adam', 'MLP__alpha': 1000.0}",128,0.332015810277,0.333333333333,0.493295322564,0.496990814064,0.00538365151809,0.000348450405073,0.0812462630068
0.0568627715111,0.00306975841522,0.352760609011,logistic,1000.0,"(250,)",adaptive,adam,"{'MLP__hidden_layer_sizes': (250,), 'MLP__learning_rate': 'adaptive', 'MLP__activation': 'logistic', 'MLP__solver': 'adam', 'MLP__alpha': 1000.0}",132,0.334682860999,0.409664485939,0.333333333333,0.333333333333,0.00478926392124,0.000374115009295,0.0328655836219
0.128287732601,0.00677222013474,0.429045398118,logistic,1000.0,"(500,)",adaptive,adam,"{'MLP__hidden_layer_sizes': (500,), 'MLP__learning_rate': 'adaptive', 'MLP__activation': 'logistic', 'MLP__solver': 'adam', 'MLP__alpha': 1000.0}",127,0.333333333333,0.333333333333,0.554800389901,0.495107873157,0.0355653734062,0.000116513695399,0.0981048691065
0.0868800878525,0.0036209821701,0.333333333333,logistic,1000.0,"(125, 125)",adaptive,adam,"{'MLP__hidden_layer_sizes': (125, 125), 'MLP__learning_rate': 'adaptive', 'MLP__activation': 'logistic', 'MLP__solver': 'adam', 'MLP__alpha': 1000.0}",141,0.333333333333,0.333333333333,0.333333333333,0.333333333333,0.00359660026444,0.000309250564485,3.92455965049e-17
0.218251764774,0.0090349316597,0.333333333333,logistic,1000.0,"(250, 250)",adaptive,adam,"{'MLP__hidden_layer_sizes': (250, 250), 'MLP__learning_rate': 'adaptive', 'MLP__activation': 'logistic', 'MLP__solver': 'adam', 'MLP__alpha': 1000.0}",137,0.333333333333,0.333333333333,0.333333333333,0.333333333333,0.00674877871198,0.000714706734226,3.92590252808e-17
0.619211494923,0.0195377469063,0.333333333333,logistic,1000.0,"(500, 500)",adaptive,adam,"{'MLP__hidden_layer_sizes': (500, 500), 'MLP__learning_rate': 'adaptive', 'MLP__activation': 'logistic', 'MLP__solver': 'adam', 'MLP__alpha': 1000.0}",141,0.333333333333,0.333333333333,0.333333333333,0.333333333333,0.0223697353876,0.00228658112554,3.92455965049e-17
0.0552113056183,0.0017557144165,0.388125683144,logistic,316.22776601683796,"(125,)",adaptive,adam,"{'MLP__hidden_layer_sizes': (125,), 'MLP__learning_rate': 'adaptive', 'MLP__activation': 'logistic', 'MLP__solver': 'adam', 'MLP__alpha': 316.22776601683796}",129,0.333333333333,0.552427777242,0.333333333333,0.333333333333,0.0201306959434,0.000223861397864,0.09488149353
0.0807991623878,0.00375556945801,0.431081585874,logistic,316.22776601683796,"(250,)",adaptive,adam,"{'MLP__hidden_layer_sizes': (250,), 'MLP__learning_rate': 'adaptive', 'MLP__activation': 'logistic', 'MLP__solver': 'adam', 'MLP__alpha': 316.22776601683796}",126,0.521621780203,0.346883468835,0.522355045685,0.333333333333,0.0208053566835,0.000894215540113,0.0910638596458
0.131759285927,0.0069807767868,0.333333333333,logistic,316.22776601683796,"(500,)",adaptive,adam,"{'MLP__hidden_layer_sizes': (500,), 'MLP__learning_rate': 'adaptive', 'MLP__activation': 'logistic', 'MLP__solver': 'adam', 'MLP__alpha': 316.22776601683796}",137,0.333333333333,0.333333333333,0.333333333333,0.333333333333,0.0302478069277,0.000477676323748,6.20484891199e-17
0.0907737612724,0.00382298231125,0.346185127201,logistic,316.22776601683796,"(125, 125)",adaptive,adam,"{'MLP__hidden_layer_sizes': (125, 125), 'MLP__learning_rate': 'adaptive', 'MLP__activation': 'logistic', 'MLP__solver': 'adam', 'MLP__alpha': 316.22776601683796}",135,0.384652723325,0.333333333333,0.333333333333,0.333333333333,0.00356842639032,0.000470321284709,0.022234604021
0.239656031132,0.00845974683762,0.333333333333,logistic,316.22776601683796,"(250, 250)",adaptive,adam,"{'MLP__hidden_layer_sizes': (250, 250), 'MLP__learning_rate': 'adaptive', 'MLP__activation': 'logistic', 'MLP__solver': 'adam', 'MLP__alpha': 316.22776601683796}",137,0.333333333333,0.333333333333,0.333333333333,0.333333333333,0.0416314129285,0.000891605101608,2.77793044185e-17
0.864153265953,0.0192674994469,0.334052952997,logistic,316.22776601683796,"(500, 500)",adaptive,adam,"{'MLP__hidden_layer_sizes': (500, 500), 'MLP__learning_rate': 'adaptive', 'MLP__activation': 'logistic', 'MLP__solver': 'adam', 'MLP__alpha': 316.22776601683796}",136,0.336206896552,0.333333333333,0.333333333333,0.333333333333,0.147609839293,0.00167753246579,0.00124499804654
0.0599994659424,0.00184381008148,0.545255824127,logistic,100.0,"(125,)",adaptive,adam,"{'MLP__hidden_layer_sizes': (125,), 'MLP__learning_rate': 'adaptive', 'MLP__activation': 'logistic', 'MLP__solver': 'adam', 'MLP__alpha': 100.0}",111,0.558315064036,0.536124768362,0.552465267736,0.534094925929,0.0157885026907,0.000459183490907,0.0103754603656
0.101678788662,0.00345623493195,0.547072739759,logistic,100.0,"(250,)",adaptive,adam,"{'MLP__hidden_layer_sizes': (250,), 'MLP__learning_rate': 'adaptive', 'MLP__activation': 'logistic', 'MLP__solver': 'adam', 'MLP__alpha': 100.0}",108,0.553044971809,0.552015381814,0.549605278661,0.533602193729,0.016775651985,0.000753378386724,0.00787151797708
0.155870079994,0.00751745700836,0.530732561556,logistic,100.0,"(500,)",adaptive,adam,"{'MLP__hidden_layer_sizes': (500,), 'MLP__learning_rate': 'adaptive', 'MLP__activation': 'logistic', 'MLP__solver': 'adam', 'MLP__alpha': 100.0}",120,0.547230801235,0.564772861167,0.464844628683,0.545990123933,0.0390382951507,0.00159037381256,0.0387334298078
0.0949767231941,0.00364625453949,0.333333333333,logistic,100.0,"(125, 125)",adaptive,adam,"{'MLP__hidden_layer_sizes': (125, 125), 'MLP__learning_rate': 'adaptive', 'MLP__activation': 'logistic', 'MLP__solver': 'adam', 'MLP__alpha': 100.0}",141,0.333333333333,0.333333333333,0.333333333333,0.333333333333,0.0127771392272,0.000313465604049,3.92455965049e-17
0.270477235317,0.00875008106232,0.333333333333,logistic,100.0,"(250, 250)",adaptive,adam,"{'MLP__hidden_layer_sizes': (250, 250), 'MLP__learning_rate': 'adaptive', 'MLP__activation': 'logistic', 'MLP__solver': 'adam', 'MLP__alpha': 100.0}",141,0.333333333333,0.333333333333,0.333333333333,0.333333333333,0.0580812710204,0.000854887384337,3.92455965049e-17
0.784846544266,0.0193402171135,0.350982663378,logistic,100.0,"(500, 500)",adaptive,adam,"{'MLP__hidden_layer_sizes': (500, 500), 'MLP__learning_rate': 'adaptive', 'MLP__activation': 'logistic', 'MLP__solver': 'adam', 'MLP__alpha': 100.0}",133,0.333333333333,0.403906509421,0.333333333333,0.333333333333,0.128261873117,0.00160573119455,0.0305625657633
0.0594059824944,0.00158679485321,0.548920178315,logistic,31.622776601683793,"(125,)",adaptive,adam,"{'MLP__hidden_layer_sizes': (125,), 'MLP__learning_rate': 'adaptive', 'MLP__activation': 'logistic', 'MLP__solver': 'adam', 'MLP__alpha': 31.622776601683793}",103,0.55031391187,0.561837891106,0.541394860589,0.54211253575,0.0113021380363,1.98593517243e-05,0.00824225279537
0.110129773617,0.00370824337006,0.560415279164,logistic,31.622776601683793,"(250,)",adaptive,adam,"{'MLP__hidden_layer_sizes': (250,), 'MLP__learning_rate': 'adaptive', 'MLP__activation': 'logistic', 'MLP__solver': 'adam', 'MLP__alpha': 31.622776601683793}",61,0.563777183914,0.563155414163,0.573052904442,0.541662649828,0.0155534313777,0.00103163714356,0.0115073724597
0.142315745354,0.00754630565643,0.558389636912,logistic,31.622776601683793,"(500,)",adaptive,adam,"{'MLP__hidden_layer_sizes': (500,), 'MLP__learning_rate': 'adaptive', 'MLP__activation': 'logistic', 'MLP__solver': 'adam', 'MLP__alpha': 31.622776601683793}",72,0.557381596283,0.563155414163,0.574407917992,0.538609852502,0.0305477470797,0.00111743866253,0.0129508551511
0.149551987648,0.00446623563766,0.361692504293,logistic,31.622776601683793,"(125, 125)",adaptive,adam,"{'MLP__hidden_layer_sizes': (125, 125), 'MLP__learning_rate': 'adaptive', 'MLP__activation': 'logistic', 'MLP__solver': 'adam', 'MLP__alpha': 31.622776601683793}",131,0.446576306988,0.333333333333,0.333333333333,0.333333333333,0.0428909953799,0.00069414291576,0.0490635737828
0.269426286221,0.0102402567863,0.350793429524,logistic,31.622776601683793,"(250, 250)",adaptive,adam,"{'MLP__hidden_layer_sizes': (250, 250), 'MLP__learning_rate': 'adaptive', 'MLP__activation': 'logistic', 'MLP__solver': 'adam', 'MLP__alpha': 31.622776601683793}",134,0.347794082348,0.388669301713,0.333333333333,0.333333333333,0.0440617070547,0.00169702841288,0.022655949017
0.736955702305,0.0190778374672,0.333333333333,logistic,31.622776601683793,"(500, 500)",adaptive,adam,"{'MLP__hidden_layer_sizes': (500, 500), 'MLP__learning_rate': 'adaptive', 'MLP__activation': 'logistic', 'MLP__solver': 'adam', 'MLP__alpha': 31.622776601683793}",137,0.333333333333,0.333333333333,0.333333333333,0.333333333333,0.164725177195,0.00206622678112,2.77793044185e-17
0.0694749355316,0.00238728523254,0.552144233081,logistic,10.0,"(125,)",adaptive,adam,"{'MLP__hidden_layer_sizes': (125,), 'MLP__learning_rate': 'adaptive', 'MLP__activation': 'logistic', 'MLP__solver': 'adam', 'MLP__alpha': 10.0}",97,0.535609932428,0.552715235139,0.570203626937,0.550092655077,0.0308868757378,0.000411574452941,0.0122901232703
0.0859721899033,0.003726541996,0.558479956909,logistic,10.0,"(250,)",adaptive,adam,"{'MLP__hidden_layer_sizes': (250,), 'MLP__learning_rate': 'adaptive', 'MLP__activation': 'logistic', 'MLP__solver': 'adam', 'MLP__alpha': 10.0}",70,0.524759128533,0.561355270258,0.598026163774,0.549867712116,0.0185428283632,0.000118607237558,0.0263803980996
0.149774193764,0.00635051727295,0.564198618752,logistic,10.0,"(500,)",adaptive,adam,"{'MLP__hidden_layer_sizes': (500,), 'MLP__learning_rate': 'adaptive', 'MLP__activation': 'logistic', 'MLP__solver': 'adam', 'MLP__alpha': 10.0}",52,0.555054847438,0.577433428519,0.575800422036,0.548512698566,0.0324427315048,0.000307337131283,0.0126415084227
0.142124056816,0.00391519069672,0.483474286231,logistic,10.0,"(125, 125)",adaptive,adam,"{'MLP__hidden_layer_sizes': (125, 125), 'MLP__learning_rate': 'adaptive', 'MLP__activation': 'logistic', 'MLP__solver': 'adam', 'MLP__alpha': 10.0}",124,0.4089388872,0.550660368264,0.434745118202,0.539664942104,0.0161024422532,0.000299441799948,0.0624635628194
0.311010718346,0.00839126110077,0.477127317017,logistic,10.0,"(250, 250)",adaptive,adam,"{'MLP__hidden_layer_sizes': (250, 250), 'MLP__learning_rate': 'adaptive', 'MLP__activation': 'logistic', 'MLP__solver': 'adam', 'MLP__alpha': 10.0}",125,0.522350045993,0.466178219094,0.397891963109,0.52198014075,0.046233747158,0.000197135223874,0.051112684244
1.04652291536,0.0187543034554,0.380813368869,logistic,10.0,"(500, 500)",adaptive,adam,"{'MLP__hidden_layer_sizes': (500, 500), 'MLP__learning_rate': 'adaptive', 'MLP__activation': 'logistic', 'MLP__solver': 'adam', 'MLP__alpha': 10.0}",130,0.335936374838,0.373983739837,0.480132333791,0.333333333333,0.158825281054,0.00265127700352,0.0595193710029
0.0615882277489,0.00278371572495,0.556657507035,logistic,3.1622776601683795,"(125,)",adaptive,adam,"{'MLP__hidden_layer_sizes': (125,), 'MLP__learning_rate': 'adaptive', 'MLP__activation': 'logistic', 'MLP__solver': 'adam', 'MLP__alpha': 3.1622776601683795}",75,0.566284211593,0.543917435222,0.572876928656,0.543542530287,0.0125142563528,0.000861346379307,0.0131322374609
0.103580057621,0.00345677137375,0.555968744501,logistic,3.1622776601683795,"(250,)",adaptive,adam,"{'MLP__hidden_layer_sizes': (250,), 'MLP__learning_rate': 'adaptive', 'MLP__activation': 'logistic', 'MLP__solver': 'adam', 'MLP__alpha': 3.1622776601683795}",78,0.544965854393,0.562911218079,0.57927632636,0.536742213837,0.0183028699083,0.000149704312547,0.016442711223
0.145273983479,0.00655579566956,0.553007002105,logistic,3.1622776601683795,"(500,)",adaptive,adam,"{'MLP__hidden_layer_sizes': (500,), 'MLP__learning_rate': 'adaptive', 'MLP__activation': 'logistic', 'MLP__solver': 'adam', 'MLP__alpha': 3.1622776601683795}",92,0.548558095814,0.55422242685,0.575912893516,0.53334511606,0.0374876832036,0.000284787524718,0.0152613788369
0.133593082428,0.00382947921753,0.531723957751,logistic,3.1622776601683795,"(125, 125)",adaptive,adam,"{'MLP__hidden_layer_sizes': (125, 125), 'MLP__learning_rate': 'adaptive', 'MLP__activation': 'logistic', 'MLP__solver': 'adam', 'MLP__alpha': 3.1622776601683795}",119,0.540445824199,0.539964866052,0.500422341886,0.546027614426,0.0293178744534,0.000222282015543,0.0182161126951
0.389838695526,0.00864452123642,0.545731813116,logistic,3.1622776601683795,"(250, 250)",adaptive,adam,"{'MLP__hidden_layer_sizes': (250, 250), 'MLP__learning_rate': 'adaptive', 'MLP__activation': 'logistic', 'MLP__solver': 'adam', 'MLP__alpha': 3.1622776601683795}",110,0.529673330431,0.556942703814,0.562925115417,0.533414741262,0.0229184879706,0.00106262574119,0.0144127014087
1.35193800926,0.0186487436295,0.54759065148,logistic,3.1622776601683795,"(500, 500)",adaptive,adam,"{'MLP__hidden_layer_sizes': (500, 500), 'MLP__learning_rate': 'adaptive', 'MLP__activation': 'logistic', 'MLP__solver': 'adam', 'MLP__alpha': 3.1622776601683795}",107,0.563809188523,0.538647342995,0.568762920831,0.51911097033,0.265457244283,0.00197440769717,0.0200097833549
0.0441352725029,0.00239741802216,0.566267117746,logistic,1.0,"(125,)",adaptive,adam,"{'MLP__hidden_layer_sizes': (125,), 'MLP__learning_rate': 'adaptive', 'MLP__activation': 'logistic', 'MLP__solver': 'adam', 'MLP__alpha': 1.0}",50,0.565973408217,0.575412912539,0.575800422036,0.547870004392,0.00801642828067,0.000316390190672,0.0113209718488
0.0672979950905,0.00370800495148,0.560080718249,logistic,1.0,"(250,)",adaptive,adam,"{'MLP__hidden_layer_sizes': (250,), 'MLP__learning_rate': 'adaptive', 'MLP__activation': 'logistic', 'MLP__solver': 'adam', 'MLP__alpha': 1.0}",62,0.559664591701,0.561651731414,0.571660400398,0.547345137483,0.00557280687994,0.000535209950051,0.00864034651162
0.140928268433,0.00706624984741,0.562561954936,logistic,1.0,"(500,)",adaptive,adam,"{'MLP__hidden_layer_sizes': (500,), 'MLP__learning_rate': 'adaptive', 'MLP__activation': 'logistic', 'MLP__solver': 'adam', 'MLP__alpha': 1.0}",56,0.554226199377,0.555700161745,0.588826455741,0.551527240287,0.0403682749257,0.000910112375518,0.0152271136046
0.143655002117,0.00397080183029,0.55323848271,logistic,1.0,"(125, 125)",adaptive,adam,"{'MLP__hidden_layer_sizes': (125, 125), 'MLP__learning_rate': 'adaptive', 'MLP__activation': 'logistic', 'MLP__solver': 'adam', 'MLP__alpha': 1.0}",90,0.560449877196,0.545234958278,0.560102616836,0.547157685016,0.0355934171522,0.000469703703428,0.00707420694354
0.349763214588,0.0084576010704,0.552888453997,logistic,1.0,"(250, 250)",adaptive,adam,"{'MLP__hidden_layer_sizes': (250, 250), 'MLP__learning_rate': 'adaptive', 'MLP__activation': 'logistic', 'MLP__solver': 'adam', 'MLP__alpha': 1.0}",94,0.559024936372,0.555662671251,0.561457630387,0.535387965399,0.0557737190354,0.000235995820234,0.010304464194
1.02454429865,0.0188095569611,0.544614837204,logistic,1.0,"(500, 500)",adaptive,adam,"{'MLP__hidden_layer_sizes': (500, 500), 'MLP__learning_rate': 'adaptive', 'MLP__activation': 'logistic', 'MLP__solver': 'adam', 'MLP__alpha': 1.0}",113,0.546548266169,0.536012296882,0.571547928918,0.524357344082,0.411027117387,0.00178208410687,0.0174095185174
0.0790900588036,0.00190001726151,0.565173101664,logistic,0.31622776601683794,"(125,)",adaptive,adam,"{'MLP__hidden_layer_sizes': (125,), 'MLP__learning_rate': 'adaptive', 'MLP__activation': 'logistic', 'MLP__solver': 'adam', 'MLP__alpha': 0.31622776601683794}",51,0.557844237616,0.592934870333,0.571697890892,0.538197457073,0.0605925303628,0.000326335397485,0.0199640384558
0.0908097624779,0.0032262802124,0.559239430623,logistic,0.31622776601683794,"(250,)",adaptive,adam,"{'MLP__hidden_layer_sizes': (250,), 'MLP__learning_rate': 'adaptive', 'MLP__activation': 'logistic', 'MLP__solver': 'adam', 'MLP__alpha': 0.31622776601683794}",65,0.557602593624,0.56701596541,0.58128704099,0.531045954164,0.0285210424036,0.000604633347645,0.0183223465001
0.140758812428,0.00722068548203,0.562532614819,logistic,0.31622776601683794,"(500,)",adaptive,adam,"{'MLP__hidden_layer_sizes': (500,), 'MLP__learning_rate': 'adaptive', 'MLP__activation': 'logistic', 'MLP__solver': 'adam', 'MLP__alpha': 0.31622776601683794}",57,0.562657413472,0.565850528173,0.586404875906,0.535212754725,0.0146404853891,0.000929991442205,0.0182067060995
0.13279145956,0.00359201431274,0.554567273187,logistic,0.31622776601683794,"(125, 125)",adaptive,adam,"{'MLP__hidden_layer_sizes': (125, 125), 'MLP__learning_rate': 'adaptive', 'MLP__activation': 'logistic', 'MLP__solver': 'adam', 'MLP__alpha': 0.31622776601683794}",83,0.559536573267,0.545234958278,0.577896829222,0.535599901454,0.00606599249246,0.000449036345481,0.015929215394
0.372255504131,0.00860649347305,0.563112970989,logistic,0.31622776601683794,"(250, 250)",adaptive,adam,"{'MLP__hidden_layer_sizes': (250, 250), 'MLP__learning_rate': 'adaptive', 'MLP__activation': 'logistic', 'MLP__solver': 'adam', 'MLP__alpha': 0.31622776601683794}",54,0.561665661464,0.558912801545,0.589632118794,0.542251021042,0.0738210412594,0.00099940665275,0.0170078175083
1.05788224936,0.018247961998,0.547053825973,logistic,0.31622776601683794,"(500, 500)",adaptive,adam,"{'MLP__hidden_layer_sizes': (500, 500), 'MLP__learning_rate': 'adaptive', 'MLP__activation': 'logistic', 'MLP__solver': 'adam', 'MLP__alpha': 0.31622776601683794}",109,0.542464551677,0.540002356545,0.568762920831,0.537007707739,0.199594628398,0.00170791555184,0.0126733944347
0.0573477745056,0.00202482938766,0.558731217973,logistic,0.10000000000000001,"(125,)",adaptive,adam,"{'MLP__hidden_layer_sizes': (125,), 'MLP__learning_rate': 'adaptive', 'MLP__activation': 'logistic', 'MLP__solver': 'adam', 'MLP__alpha': 0.10000000000000001}",67,0.563928447076,0.550909319915,0.578472958643,0.541610622204,0.0122757838611,0.000418984358499,0.0138781365843
0.0892418026924,0.00297564268112,0.552897974201,logistic,0.10000000000000001,"(250,)",adaptive,adam,"{'MLP__hidden_layer_sizes': (250,), 'MLP__learning_rate': 'adaptive', 'MLP__activation': 'logistic', 'MLP__solver': 'adam', 'MLP__alpha': 0.10000000000000001}",93,0.563585156263,0.537612614609,0.570417858329,0.5399679265,0.016184171797,0.000319946912419,0.0143333460497
0.128126978874,0.00693076848984,0.552158850527,logistic,0.10000000000000001,"(500,)",adaptive,adam,"{'MLP__hidden_layer_sizes': (500,), 'MLP__learning_rate': 'adaptive', 'MLP__activation': 'logistic', 'MLP__solver': 'adam', 'MLP__alpha': 0.10000000000000001}",96,0.542793403629,0.546981682847,0.575912893516,0.542980172885,0.0302447438581,0.000206528803999,0.0138068005252
0.162816762924,0.0041007399559,0.550308749385,logistic,0.10000000000000001,"(125, 125)",adaptive,adam,"{'MLP__hidden_layer_sizes': (125, 125), 'MLP__learning_rate': 'adaptive', 'MLP__activation': 'logistic', 'MLP__solver': 'adam', 'MLP__alpha': 0.10000000000000001}",101,0.566563539173,0.538647342995,0.568762920831,0.527232635398,0.0372290169238,0.000301243850109,0.0178386693431
0.371102511883,0.0088546872139,0.550739522589,logistic,0.10000000000000001,"(250, 250)",adaptive,adam,"{'MLP__hidden_layer_sizes': (250, 250), 'MLP__learning_rate': 'adaptive', 'MLP__activation': 'logistic', 'MLP__solver': 'adam', 'MLP__alpha': 0.10000000000000001}",100,0.556936658649,0.562537513579,0.543885300513,0.539565477529,0.129737466243,0.000326561196499,0.00934577012636
1.53424048424,0.0181670188904,0.559795595004,logistic,0.10000000000000001,"(500, 500)",adaptive,adam,"{'MLP__hidden_layer_sizes': (500, 500), 'MLP__learning_rate': 'adaptive', 'MLP__activation': 'logistic', 'MLP__solver': 'adam', 'MLP__alpha': 0.10000000000000001}",63,0.547264300312,0.572312282514,0.568837901818,0.550785081538,0.311059541574,0.00129615454139,0.010917971972
0.0580879449844,0.00197947025299,0.553898805203,logistic,0.031622776601683791,"(125,)",adaptive,adam,"{'MLP__hidden_layer_sizes': (125,), 'MLP__learning_rate': 'adaptive', 'MLP__activation': 'logistic', 'MLP__solver': 'adam', 'MLP__alpha': 0.031622776601683791}",87,0.550762022375,0.558379485424,0.573090394936,0.533365774087,0.00725801970411,0.000324880571814,0.0143095366211
0.112982690334,0.00321954488754,0.561042836335,logistic,0.031622776601683791,"(250,)",adaptive,adam,"{'MLP__hidden_layer_sizes': (250,), 'MLP__learning_rate': 'adaptive', 'MLP__activation': 'logistic', 'MLP__solver': 'adam', 'MLP__alpha': 0.031622776601683791}",60,0.549893138635,0.57290058777,0.578411749674,0.542980172885,0.0749163291947,0.000580756225322,0.0149371789767
0.160790741444,0.00679206848145,0.561109857516,logistic,0.031622776601683791,"(500,)",adaptive,adam,"{'MLP__hidden_layer_sizes': (500,), 'MLP__learning_rate': 'adaptive', 'MLP__activation': 'logistic', 'MLP__solver': 'adam', 'MLP__alpha': 0.031622776601683791}",59,0.54821137922,0.569326155474,0.582364318844,0.54456165962,0.0629711350388,0.000371697967506,0.0154841552042
0.168785214424,0.00387793779373,0.545205260963,logistic,0.031622776601683791,"(125, 125)",adaptive,adam,"{'MLP__hidden_layer_sizes': (125, 125), 'MLP__learning_rate': 'adaptive', 'MLP__activation': 'logistic', 'MLP__solver': 'adam', 'MLP__alpha': 0.031622776601683791}",112,0.551218938746,0.535962340338,0.567445397774,0.526190552702,0.0784841616378,0.000316938040364,0.0156284281819
0.471277236938,0.0083349943161,0.549397464503,logistic,0.031622776601683791,"(250, 250)",adaptive,adam,"{'MLP__hidden_layer_sizes': (250, 250), 'MLP__learning_rate': 'adaptive', 'MLP__activation': 'logistic', 'MLP__solver': 'adam', 'MLP__alpha': 0.031622776601683791}",102,0.5429039023,0.556102214968,0.573782056285,0.524810290452,0.109907096033,0.000489947700146,0.0179242451363
1.24660092592,0.0194487571716,0.558469095371,logistic,0.031622776601683791,"(500, 500)",adaptive,adam,"{'MLP__hidden_layer_sizes': (500, 500), 'MLP__learning_rate': 'adaptive', 'MLP__activation': 'logistic', 'MLP__solver': 'adam', 'MLP__alpha': 0.031622776601683791}",71,0.543235881139,0.56198785308,0.575996290736,0.552693271145,0.241676170878,0.00220337708575,0.0120938707186
0.0706114768982,0.00226330757141,0.556354870525,logistic,0.01,"(125,)",adaptive,adam,"{'MLP__hidden_layer_sizes': (125,), 'MLP__learning_rate': 'adaptive', 'MLP__activation': 'logistic', 'MLP__solver': 'adam', 'MLP__alpha': 0.01}",76,0.546798095248,0.55134207656,0.578612209047,0.548700151033,0.0256098579715,0.000609116800049,0.0129425669285
0.143869102001,0.00352674722672,0.554883654786,logistic,0.01,"(250,)",adaptive,adam,"{'MLP__hidden_layer_sizes': (250,), 'MLP__learning_rate': 'adaptive', 'MLP__activation': 'logistic', 'MLP__solver': 'adam', 'MLP__alpha': 0.01}",80,0.556364093441,0.556091965104,0.570567820303,0.536505029082,0.0652923988855,0.000468000226603,0.0121122226152
0.151877522469,0.00686275959015,0.554019495412,logistic,0.01,"(500,)",adaptive,adam,"{'MLP__hidden_layer_sizes': (500,), 'MLP__learning_rate': 'adaptive', 'MLP__activation': 'logistic', 'MLP__solver': 'adam', 'MLP__alpha': 0.01}",86,0.543072156414,0.562100324561,0.576529573878,0.534394849877,0.0375562301767,0.000130766287715,0.0164034020423
0.146437764168,0.00397497415543,0.553094488167,logistic,0.01,"(125, 125)",adaptive,adam,"{'MLP__hidden_layer_sizes': (125, 125), 'MLP__learning_rate': 'adaptive', 'MLP__activation': 'logistic', 'MLP__solver': 'adam', 'MLP__alpha': 0.01}",91,0.559920628571,0.544721541668,0.568875392311,0.538853158153,0.0288761024862,0.000411282980642,0.0119184182783
0.396206915379,0.00883501768112,0.547993006804,logistic,0.01,"(250, 250)",adaptive,adam,"{'MLP__hidden_layer_sizes': (250, 250), 'MLP__learning_rate': 'adaptive', 'MLP__activation': 'logistic', 'MLP__solver': 'adam', 'MLP__alpha': 0.01}",106,0.542496510302,0.543478999599,0.570380367835,0.535637391947,0.0528834157215,0.00059061297512,0.0132649015983
1.54035502672,0.0197925567627,0.559066203674,logistic,0.01,"(500, 500)",adaptive,adam,"{'MLP__hidden_layer_sizes': (500, 500), 'MLP__learning_rate': 'adaptive', 'MLP__activation': 'logistic', 'MLP__solver': 'adam', 'MLP__alpha': 0.01}",66,0.54721112024,0.564936397285,0.579440825464,0.544700910024,0.210390354559,0.00129955289521,0.0141076520922
0.0543529391289,0.00248432159424,0.551703734614,logistic,0.0031622776601683794,"(125,)",adaptive,adam,"{'MLP__hidden_layer_sizes': (125,), 'MLP__learning_rate': 'adaptive', 'MLP__activation': 'logistic', 'MLP__solver': 'adam', 'MLP__alpha': 0.0031622776601683794}",99,0.55969659631,0.538722323982,0.563192904656,0.545198998009,0.0153596881446,0.000707550407041,0.0100834457837
0.0866842865944,0.00319749116898,0.559406257727,logistic,0.0031622776601683794,"(250,)",adaptive,adam,"{'MLP__hidden_layer_sizes': (250,), 'MLP__learning_rate': 'adaptive', 'MLP__activation': 'logistic', 'MLP__solver': 'adam', 'MLP__alpha': 0.0031622776601683794}",64,0.559792610136,0.563490473906,0.572035305333,0.542299988217,0.0434980182398,0.00024970350623,0.0108223071097
0.187993943691,0.00709235668182,0.555935937383,logistic,0.0031622776601683794,"(500,)",adaptive,adam,"{'MLP__hidden_layer_sizes': (500,), 'MLP__learning_rate': 'adaptive', 'MLP__activation': 'logistic', 'MLP__solver': 'adam', 'MLP__alpha': 0.0031622776601683794}",79,0.556640822945,0.549032994589,0.573127885429,0.544949571461,0.0491180671559,0.000402878354124,0.010770337967
0.171602785587,0.00417423248291,0.552204154307,logistic,0.0031622776601683794,"(125, 125)",adaptive,adam,"{'MLP__hidden_layer_sizes': (125, 125), 'MLP__learning_rate': 'adaptive', 'MLP__activation': 'logistic', 'MLP__solver': 'adam', 'MLP__alpha': 0.0031622776601683794}",95,0.549901415689,0.543879944728,0.570417858329,0.544635110383,0.0527505190587,0.000407098135519,0.0107617146547
0.380491256714,0.00958472490311,0.541581944296,logistic,0.0031622776601683794,"(250, 250)",adaptive,adam,"{'MLP__hidden_layer_sizes': (250, 250), 'MLP__learning_rate': 'adaptive', 'MLP__activation': 'logistic', 'MLP__solver': 'adam', 'MLP__alpha': 0.0031622776601683794}",115,0.545274059694,0.538647342995,0.54655783712,0.535842441993,0.0873538979797,0.000859667315363,0.0044696767179
1.28676593304,0.0192710161209,0.554701135105,logistic,0.0031622776601683794,"(500, 500)",adaptive,adam,"{'MLP__hidden_layer_sizes': (500, 500), 'MLP__learning_rate': 'adaptive', 'MLP__activation': 'logistic', 'MLP__solver': 'adam', 'MLP__alpha': 0.0031622776601683794}",82,0.551201327014,0.559502768941,0.571221991158,0.536881464241,0.18201898646,0.00158886756739,0.012502064872
0.0634329915047,0.00207453966141,0.519221224752,relu,1000.0,"(125,)",adaptive,adam,"{'MLP__hidden_layer_sizes': (125,), 'MLP__learning_rate': 'adaptive', 'MLP__activation': 'relu', 'MLP__solver': 'adam', 'MLP__alpha': 1000.0}",121,0.526497332857,0.504750811955,0.531241057752,0.514395584385,0.0236168671084,0.000557783319917,0.0103692791498
0.152962744236,0.00285029411316,0.539637848341,relu,1000.0,"(250,)",adaptive,adam,"{'MLP__hidden_layer_sizes': (250,), 'MLP__learning_rate': 'adaptive', 'MLP__activation': 'relu', 'MLP__solver': 'adam', 'MLP__alpha': 1000.0}",118,0.549540467161,0.524258750152,0.534450703062,0.550295409786,0.0316075361117,0.000216148040574,0.0108992325331
0.128211021423,0.00561201572418,0.541053536484,relu,1000.0,"(500,)",adaptive,adam,"{'MLP__hidden_layer_sizes': (500,), 'MLP__learning_rate': 'adaptive', 'MLP__activation': 'relu', 'MLP__solver': 'adam', 'MLP__alpha': 1000.0}",117,0.552164339251,0.507706050892,0.570905234744,0.53345376198,0.0085576056546,0.000198461199133,0.0233666586084
0.148487448692,0.00311279296875,0.487353671914,relu,1000.0,"(125, 125)",adaptive,adam,"{'MLP__hidden_layer_sizes': (125, 125), 'MLP__learning_rate': 'adaptive', 'MLP__activation': 'relu', 'MLP__solver': 'adam', 'MLP__alpha': 1000.0}",123,0.414105447276,0.583280652726,0.410172777617,0.541925083282,0.0214500751428,0.00026932906008,0.0766573104898
0.437848210335,0.00707405805588,0.541549832417,relu,1000.0,"(250, 250)",adaptive,adam,"{'MLP__hidden_layer_sizes': (250, 250), 'MLP__learning_rate': 'adaptive', 'MLP__activation': 'relu', 'MLP__solver': 'adam', 'MLP__alpha': 1000.0}",116,0.566188197767,0.551672611588,0.521087254915,0.527169896205,0.125904053169,0.000205016853933,0.0182719103343
1.08705276251,0.0158637166023,0.558582799067,relu,1000.0,"(500, 500)",adaptive,adam,"{'MLP__hidden_layer_sizes': (500, 500), 'MLP__learning_rate': 'adaptive', 'MLP__activation': 'relu', 'MLP__solver': 'adam', 'MLP__alpha': 1000.0}",69,0.554202471823,0.582213789631,0.566466819383,0.531427745107,0.146239464472,0.000911776556743,0.0185510711441
0.0939618945122,0.00175648927689,0.542145528529,relu,316.22776601683796,"(125,)",adaptive,adam,"{'MLP__hidden_layer_sizes': (125,), 'MLP__learning_rate': 'adaptive', 'MLP__activation': 'relu', 'MLP__solver': 'adam', 'MLP__alpha': 316.22776601683796}",114,0.566412230028,0.528707006438,0.550315302701,0.52309949977,0.0042920377038,0.000361555442281,0.0173175588729
0.10929864645,0.00268948078156,0.558657796608,relu,316.22776601683796,"(250,)",adaptive,adam,"{'MLP__hidden_layer_sizes': (250,), 'MLP__learning_rate': 'adaptive', 'MLP__activation': 'relu', 'MLP__solver': 'adam', 'MLP__alpha': 316.22776601683796}",68,0.54019599512,0.591320747608,0.564280128967,0.538840151247,0.0128232598971,0.000403916556259,0.0214042557777
0.117436468601,0.00588196516037,0.557030316921,relu,316.22776601683796,"(500,)",adaptive,adam,"{'MLP__hidden_layer_sizes': (500,), 'MLP__learning_rate': 'adaptive', 'MLP__activation': 'relu', 'MLP__solver': 'adam', 'MLP__alpha': 316.22776601683796}",74,0.535135450309,0.562435291962,0.584950397782,0.545652709492,0.0199805429509,0.000343449736952,0.0188246971839
0.175863146782,0.00310105085373,0.501147346927,relu,316.22776601683796,"(125, 125)",adaptive,adam,"{'MLP__hidden_layer_sizes': (125, 125), 'MLP__learning_rate': 'adaptive', 'MLP__activation': 'relu', 'MLP__solver': 'adam', 'MLP__alpha': 316.22776601683796}",122,0.543819275493,0.454488341565,0.483986203498,0.522242574204,0.0386029319477,0.000422831413625,0.0344258997875
0.283515810966,0.0070286989212,0.562844577716,relu,316.22776601683796,"(250, 250)",adaptive,adam,"{'MLP__hidden_layer_sizes': (250, 250), 'MLP__learning_rate': 'adaptive', 'MLP__activation': 'relu', 'MLP__solver': 'adam', 'MLP__alpha': 316.22776601683796}",55,0.561322853479,0.57465077513,0.574520389473,0.540872289017,0.0612479299927,0.000251126216934,0.0137860819758
0.918923258781,0.017128765583,0.55328470724,relu,316.22776601683796,"(500, 500)",adaptive,adam,"{'MLP__hidden_layer_sizes': (500, 500), 'MLP__learning_rate': 'adaptive', 'MLP__activation': 'relu', 'MLP__solver': 'adam', 'MLP__alpha': 316.22776601683796}",89,0.555135939575,0.554307657701,0.563267885643,0.540420872871,0.199023384532,0.00107678995499,0.00820593791231
0.0665992498398,0.0020467042923,0.548466831596,relu,100.0,"(125,)",adaptive,adam,"{'MLP__hidden_layer_sizes': (125,), 'MLP__learning_rate': 'adaptive', 'MLP__activation': 'relu', 'MLP__solver': 'adam', 'MLP__alpha': 100.0}",104,0.54820238942,0.547092030481,0.571998579952,0.526576934318,0.0146453562148,0.000439001266566,0.0160764691163
0.0982342362404,0.00293344259262,0.554399902047,relu,100.0,"(250,)",adaptive,adam,"{'MLP__hidden_layer_sizes': (250,), 'MLP__learning_rate': 'adaptive', 'MLP__activation': 'relu', 'MLP__solver': 'adam', 'MLP__alpha': 100.0}",84,0.551102232285,0.543264398843,0.588674963542,0.534582302345,0.0134468731181,0.000275952917212,0.0206206411749
0.135779976845,0.00570625066757,0.55342166097,relu,100.0,"(500,)",adaptive,adam,"{'MLP__hidden_layer_sizes': (500,), 'MLP__learning_rate': 'adaptive', 'MLP__activation': 'relu', 'MLP__solver': 'adam', 'MLP__alpha': 100.0}",88,0.549694811225,0.545234958278,0.578849393802,0.539928905783,0.0371070043386,0.000323692993536,0.0150725892369
0.179167985916,0.00290322303772,0.548152918775,relu,100.0,"(125, 125)",adaptive,adam,"{'MLP__hidden_layer_sizes': (125, 125), 'MLP__learning_rate': 'adaptive', 'MLP__activation': 'relu', 'MLP__solver': 'adam', 'MLP__alpha': 100.0}",105,0.560918105541,0.559615240421,0.550606045304,0.521421608908,0.0353288867359,0.000430755307868,0.015925605883
0.266298770905,0.00700920820236,0.561117183813,relu,100.0,"(250, 250)",adaptive,adam,"{'MLP__hidden_layer_sizes': (250, 250), 'MLP__learning_rate': 'adaptive', 'MLP__activation': 'relu', 'MLP__solver': 'adam', 'MLP__alpha': 100.0}",58,0.567258880681,0.537664879681,0.597485229511,0.542075045256,0.0503544117118,0.000433715617233,0.023830085273
1.10440576077,0.0159606933594,0.551825848023,relu,100.0,"(500, 500)",adaptive,adam,"{'MLP__hidden_layer_sizes': (500, 500), 'MLP__learning_rate': 'adaptive', 'MLP__activation': 'relu', 'MLP__solver': 'adam', 'MLP__alpha': 100.0}",98,0.562427656249,0.545309939265,0.554910566045,0.544635110383,0.323334209039,0.00132245306643,0.00735223696019
0.0541404485703,0.00193852186203,0.557253051688,relu,31.622776601683793,"(125,)",adaptive,adam,"{'MLP__hidden_layer_sizes': (125,), 'MLP__learning_rate': 'adaptive', 'MLP__activation': 'relu', 'MLP__solver': 'adam', 'MLP__alpha': 31.622776601683793}",73,0.550352078285,0.578363811442,0.575952679346,0.524333625606,0.0118579267885,0.000345235304528,0.021939776134
0.0921804904938,0.00254929065704,0.554852650868,relu,31.622776601683793,"(250,)",adaptive,adam,"{'MLP__hidden_layer_sizes': (250,), 'MLP__learning_rate': 'adaptive', 'MLP__activation': 'relu', 'MLP__solver': 'adam', 'MLP__alpha': 31.622776601683793}",81,0.559816337691,0.557250522928,0.569024589173,0.533302269782,0.0255223984852,0.000378187389404,0.0131815407142
0.138033747673,0.00560301542282,0.563815024053,relu,31.622776601683793,"(500,)",adaptive,adam,"{'MLP__hidden_layer_sizes': (500,), 'MLP__learning_rate': 'adaptive', 'MLP__activation': 'relu', 'MLP__solver': 'adam', 'MLP__alpha': 31.622776601683793}",53,0.564638319412,0.564636565679,0.563566279367,0.562415550751,0.0334822606995,0.000296073658277,0.00091821321959
0.18715596199,0.00320625305176,0.573176517919,relu,31.622776601683793,"(125, 125)",adaptive,adam,"{'MLP__hidden_layer_sizes': (125, 125), 'MLP__learning_rate': 'adaptive', 'MLP__activation': 'relu', 'MLP__solver': 'adam', 'MLP__alpha': 31.622776601683793}",48,0.553757925049,0.554345148195,0.6204470091,0.564234987353,0.0726710477518,0.000598428425082,0.0275886909198
0.324938237667,0.00700527429581,0.556095429503,relu,31.622776601683793,"(250, 250)",adaptive,adam,"{'MLP__hidden_layer_sizes': (250, 250), 'MLP__learning_rate': 'adaptive', 'MLP__activation': 'relu', 'MLP__solver': 'adam', 'MLP__alpha': 31.622776601683793}",77,0.546725326148,0.557018792895,0.577771350836,0.542890654768,0.0796375102421,0.000721207519648,0.0135310048977
1.14230895042,0.0152880549431,0.554318080423,relu,31.622776601683793,"(500, 500)",adaptive,adam,"{'MLP__hidden_layer_sizes': (500, 500), 'MLP__learning_rate': 'adaptive', 'MLP__activation': 'relu', 'MLP__solver': 'adam', 'MLP__alpha': 31.622776601683793}",85,0.546373183486,0.539413958948,0.581484439915,0.550042922789,0.316443895157,0.000551971126033,0.0161318787093
0.134172260761,0.00162172317505,0.587580091648,relu,10.0,"(125,)",adaptive,adam,"{'MLP__hidden_layer_sizes': (125,), 'MLP__learning_rate': 'adaptive', 'MLP__activation': 'relu', 'MLP__solver': 'adam', 'MLP__alpha': 10.0}",43,0.583334092063,0.610830394116,0.596932053454,0.559203610105,0.0343170114515,0.000345541898202,0.0190432963928
0.120948493481,0.00266146659851,0.581406441924,relu,10.0,"(250,)",adaptive,adam,"{'MLP__hidden_layer_sizes': (250,), 'MLP__learning_rate': 'adaptive', 'MLP__activation': 'relu', 'MLP__solver': 'adam', 'MLP__alpha': 10.0}",46,0.549857478327,0.609176795564,0.607398022032,0.559241865711,0.0404857353442,0.000530027801072,0.027083801355
0.187293767929,0.0057829618454,0.586620470707,relu,10.0,"(500,)",adaptive,adam,"{'MLP__hidden_layer_sizes': (500,), 'MLP__learning_rate': 'adaptive', 'MLP__activation': 'relu', 'MLP__solver': 'adam', 'MLP__alpha': 10.0}",44,0.576961749159,0.612572778651,0.582927441358,0.574010824806,0.0582658554112,0.000384280329993,0.0153269993633
0.138359963894,0.00330799818039,0.568615416445,relu,10.0,"(125, 125)",adaptive,adam,"{'MLP__hidden_layer_sizes': (125, 125), 'MLP__learning_rate': 'adaptive', 'MLP__activation': 'relu', 'MLP__solver': 'adam', 'MLP__alpha': 10.0}",49,0.561669225196,0.576427187367,0.591285526068,0.545088056753,0.0506814389404,0.000315004378469,0.0171446178359
0.38388055563,0.00757598876953,0.578065819422,relu,10.0,"(250, 250)",adaptive,adam,"{'MLP__hidden_layer_sizes': (250, 250), 'MLP__learning_rate': 'adaptive', 'MLP__activation': 'relu', 'MLP__solver': 'adam', 'MLP__alpha': 10.0}",47,0.56954808389,0.577693645786,0.596166941342,0.56887845276,0.0506349110535,0.000725512065022,0.011005111223
1.19452542067,0.0170182585716,0.585524991078,relu,10.0,"(500, 500)",adaptive,adam,"{'MLP__hidden_layer_sizes': (500, 500), 'MLP__learning_rate': 'adaptive', 'MLP__activation': 'relu', 'MLP__solver': 'adam', 'MLP__alpha': 10.0}",45,0.569434504316,0.596305828978,0.609342937021,0.567046009252,0.472108247938,0.00131465248031,0.0179126176034
0.12367528677,0.00217270851135,0.593463165922,relu,3.1622776601683795,"(125,)",adaptive,adam,"{'MLP__hidden_layer_sizes': (125,), 'MLP__learning_rate': 'adaptive', 'MLP__activation': 'relu', 'MLP__solver': 'adam', 'MLP__alpha': 3.1622776601683795}",41,0.595878427183,0.548184610577,0.650224407382,0.57962062681,0.0630716920804,0.000585911002303,0.0369683765914
0.163482308388,0.00286823511124,0.60495680927,relu,3.1622776601683795,"(250,)",adaptive,adam,"{'MLP__hidden_layer_sizes': (250,), 'MLP__learning_rate': 'adaptive', 'MLP__activation': 'relu', 'MLP__solver': 'adam', 'MLP__alpha': 3.1622776601683795}",36,0.614792024304,0.550782166197,0.657339184911,0.596961127714,0.0570566157863,0.000486330521714,0.0382026024374
0.228882193565,0.00565659999847,0.602273967188,relu,3.1622776601683795,"(500,)",adaptive,adam,"{'MLP__hidden_layer_sizes': (500,), 'MLP__learning_rate': 'adaptive', 'MLP__activation': 'relu', 'MLP__solver': 'adam', 'MLP__alpha': 3.1622776601683795}",38,0.614434248647,0.640047631395,0.558847832973,0.595681095151,0.0980657950014,0.000280874364925,0.0295921367141
0.213077008724,0.00368219614029,0.632419936434,relu,3.1622776601683795,"(125, 125)",adaptive,adam,"{'MLP__hidden_layer_sizes': (125, 125), 'MLP__learning_rate': 'adaptive', 'MLP__activation': 'relu', 'MLP__solver': 'adam', 'MLP__alpha': 3.1622776601683795}",17,0.60789620372,0.644183082147,0.666022442268,0.611629092011,0.0387547607857,0.000430555549129,0.0239825262122
0.367144286633,0.00709342956543,0.622641791861,relu,3.1622776601683795,"(250, 250)",adaptive,adam,"{'MLP__hidden_layer_sizes': (250, 250), 'MLP__learning_rate': 'adaptive', 'MLP__activation': 'relu', 'MLP__solver': 'adam', 'MLP__alpha': 3.1622776601683795}",24,0.628802064739,0.593959256514,0.650513619761,0.617314640114,0.11499372185,0.000278157398804,0.0204044974866
1.71692317724,0.0165825486183,0.634143556374,relu,3.1622776601683795,"(500, 500)",adaptive,adam,"{'MLP__hidden_layer_sizes': (500, 500), 'MLP__learning_rate': 'adaptive', 'MLP__activation': 'relu', 'MLP__solver': 'adam', 'MLP__alpha': 3.1622776601683795}",15,0.631326658165,0.64515640369,0.655681186964,0.604402608114,0.725603649991,0.000300299599343,0.0192112103223
0.156343996525,0.00228053331375,0.61871597881,relu,1.0,"(125,)",adaptive,adam,"{'MLP__hidden_layer_sizes': (125,), 'MLP__learning_rate': 'adaptive', 'MLP__activation': 'relu', 'MLP__solver': 'adam', 'MLP__alpha': 1.0}",27,0.642090874879,0.597899359633,0.618452361825,0.61638579401,0.0690065938283,0.000640000190235,0.0157026581505
0.148850977421,0.00296777486801,0.620654825309,relu,1.0,"(250,)",adaptive,adam,"{'MLP__hidden_layer_sizes': (250,), 'MLP__learning_rate': 'adaptive', 'MLP__activation': 'relu', 'MLP__solver': 'adam', 'MLP__alpha': 1.0}",26,0.62341271396,0.650344727858,0.639658974229,0.569154658232,0.0389641344238,0.000134724891618,0.0312239608406
0.184623301029,0.0057834982872,0.604189846374,relu,1.0,"(500,)",adaptive,adam,"{'MLP__hidden_layer_sizes': (500,), 'MLP__learning_rate': 'adaptive', 'MLP__activation': 'relu', 'MLP__solver': 'adam', 'MLP__alpha': 1.0}",37,0.615626834172,0.634821816734,0.560980965541,0.605256473231,0.0538416614939,0.00039258684686,0.027091948892
0.173307418823,0.0034185051918,0.621608941937,relu,1.0,"(125, 125)",adaptive,adam,"{'MLP__hidden_layer_sizes': (125, 125), 'MLP__learning_rate': 'adaptive', 'MLP__activation': 'relu', 'MLP__solver': 'adam', 'MLP__alpha': 1.0}",25,0.622540220504,0.656813084589,0.621790545969,0.585241140384,0.0718315982649,0.00032300382852,0.0253076909936
0.376462459564,0.00729954242706,0.623422773945,relu,1.0,"(250, 250)",adaptive,adam,"{'MLP__hidden_layer_sizes': (250, 250), 'MLP__learning_rate': 'adaptive', 'MLP__activation': 'relu', 'MLP__solver': 'adam', 'MLP__alpha': 1.0}",22,0.629985890382,0.608689419149,0.641004041322,0.614013946464,0.0421153424131,0.000347102304758,0.0128210089484
1.64337098598,0.0171692371368,0.642493104199,relu,1.0,"(500, 500)",adaptive,adam,"{'MLP__hidden_layer_sizes': (500, 500), 'MLP__learning_rate': 'adaptive', 'MLP__activation': 'relu', 'MLP__solver': 'adam', 'MLP__alpha': 1.0}",9,0.618703783,0.656022552286,0.652004823267,0.643287900976,0.531629062515,0.000650279954601,0.0145001677155
0.115755200386,0.00196975469589,0.61014864584,relu,0.31622776601683794,"(125,)",adaptive,adam,"{'MLP__hidden_layer_sizes': (125,), 'MLP__learning_rate': 'adaptive', 'MLP__activation': 'relu', 'MLP__solver': 'adam', 'MLP__alpha': 0.31622776601683794}",33,0.615600508542,0.626821336191,0.651856391517,0.546278571199,0.0404930441064,0.000559178779054,0.0391177633205
0.120963215828,0.00240254402161,0.589344778154,relu,0.31622776601683794,"(250,)",adaptive,adam,"{'MLP__hidden_layer_sizes': (250,), 'MLP__learning_rate': 'adaptive', 'MLP__activation': 'relu', 'MLP__solver': 'adam', 'MLP__alpha': 0.31622776601683794}",42,0.664509413493,0.545223600321,0.599164650596,0.548335957668,0.0922185161013,0.000367637081034,0.0484330962162
0.23475921154,0.00523561239243,0.613861100491,relu,0.31622776601683794,"(500,)",adaptive,adam,"{'MLP__hidden_layer_sizes': (500,), 'MLP__learning_rate': 'adaptive', 'MLP__activation': 'relu', 'MLP__solver': 'adam', 'MLP__alpha': 0.31622776601683794}",30,0.638757889182,0.538804092041,0.661454722961,0.616462305222,0.0849517672448,0.000882817839019,0.0461681156743
0.18966293335,0.00304728746414,0.639397582727,relu,0.31622776601683794,"(125, 125)",adaptive,adam,"{'MLP__hidden_layer_sizes': (125, 125), 'MLP__learning_rate': 'adaptive', 'MLP__activation': 'relu', 'MLP__solver': 'adam', 'MLP__alpha': 0.31622776601683794}",12,0.642466216285,0.636861678178,0.663377449698,0.614880053374,0.0350554466667,0.000278873686684,0.0172539978759
0.468821763992,0.00689297914505,0.642775136213,relu,0.31622776601683794,"(250, 250)",adaptive,adam,"{'MLP__hidden_layer_sizes': (250, 250), 'MLP__learning_rate': 'adaptive', 'MLP__activation': 'relu', 'MLP__solver': 'adam', 'MLP__alpha': 0.31622776601683794}",8,0.644304136117,0.650271963058,0.657390447422,0.619119539586,0.1180075371,0.000734440052332,0.0144132273535
1.65535056591,0.0163146853447,0.648627876064,relu,0.31622776601683794,"(500, 500)",adaptive,adam,"{'MLP__hidden_layer_sizes': (500, 500), 'MLP__learning_rate': 'adaptive', 'MLP__activation': 'relu', 'MLP__solver': 'adam', 'MLP__alpha': 0.31622776601683794}",3,0.644353752458,0.670415392821,0.650389671599,0.629334551392,0.533724169352,0.00041955476593,0.0147318425945
0.0895274877548,0.00176894664764,0.609618859518,relu,0.10000000000000001,"(125,)",adaptive,adam,"{'MLP__hidden_layer_sizes': (125,), 'MLP__learning_rate': 'adaptive', 'MLP__activation': 'relu', 'MLP__solver': 'adam', 'MLP__alpha': 0.10000000000000001}",34,0.580803865642,0.611465285465,0.666939046578,0.579343656226,0.0148870054436,0.000479425335283,0.0354718674127
0.129793226719,0.00253826379776,0.594073446723,relu,0.10000000000000001,"(250,)",adaptive,adam,"{'MLP__hidden_layer_sizes': (250,), 'MLP__learning_rate': 'adaptive', 'MLP__activation': 'relu', 'MLP__solver': 'adam', 'MLP__alpha': 0.10000000000000001}",40,0.619983668453,0.543592579172,0.664065285486,0.548650418746,0.0480010639755,0.000558172834883,0.0504396699598
0.240949034691,0.00567650794983,0.635751602373,relu,0.10000000000000001,"(500,)",adaptive,adam,"{'MLP__hidden_layer_sizes': (500,), 'MLP__learning_rate': 'adaptive', 'MLP__activation': 'relu', 'MLP__solver': 'adam', 'MLP__alpha': 0.10000000000000001}",13,0.61248274924,0.652495952689,0.674593993258,0.603474527122,0.0657212426343,0.000484366282183,0.0290291150026
0.27182751894,0.00329446792603,0.652866708442,relu,0.10000000000000001,"(125, 125)",adaptive,adam,"{'MLP__hidden_layer_sizes': (125, 125), 'MLP__learning_rate': 'adaptive', 'MLP__activation': 'relu', 'MLP__solver': 'adam', 'MLP__alpha': 0.10000000000000001}",1,0.662714856227,0.647440461218,0.656449359525,0.644842608787,0.0873543376821,0.000525058097338,0.00713702418269
0.394685983658,0.00685155391693,0.643929604872,relu,0.10000000000000001,"(250, 250)",adaptive,adam,"{'MLP__hidden_layer_sizes': (250, 250), 'MLP__learning_rate': 'adaptive', 'MLP__activation': 'relu', 'MLP__solver': 'adam', 'MLP__alpha': 0.10000000000000001}",7,0.639639096536,0.660711126329,0.659660535058,0.615696427998,0.0843562600975,0.000881513055628,0.0183279711691
1.13868880272,0.015866458416,0.648957956124,relu,0.10000000000000001,"(500, 500)",adaptive,adam,"{'MLP__hidden_layer_sizes': (500, 500), 'MLP__learning_rate': 'adaptive', 'MLP__activation': 'relu', 'MLP__solver': 'adam', 'MLP__alpha': 0.10000000000000001}",2,0.646639782795,0.661652636357,0.64923435231,0.638294014222,0.210877052809,0.00215039334291,0.00837066929331
0.1039929986,0.00170797109604,0.614387955506,relu,0.031622776601683791,"(125,)",adaptive,adam,"{'MLP__hidden_layer_sizes': (125,), 'MLP__learning_rate': 'adaptive', 'MLP__activation': 'relu', 'MLP__solver': 'adam', 'MLP__alpha': 0.031622776601683791}",29,0.603521849675,0.589689957313,0.656424110825,0.607979507237,0.0313937158846,0.000504420142334,0.0251730255156
0.147738814354,0.00248622894287,0.613722066542,relu,0.031622776601683791,"(250,)",adaptive,adam,"{'MLP__hidden_layer_sizes': (250,), 'MLP__learning_rate': 'adaptive', 'MLP__activation': 'relu', 'MLP__solver': 'adam', 'MLP__alpha': 0.031622776601683791}",31,0.597963669987,0.623446822413,0.615616091226,0.617891534647,0.0607332133425,0.000382368808938,0.00954339226199
0.217482745647,0.00539481639862,0.623203970729,relu,0.031622776601683791,"(500,)",adaptive,adam,"{'MLP__hidden_layer_sizes': (500,), 'MLP__learning_rate': 'adaptive', 'MLP__activation': 'relu', 'MLP__solver': 'adam', 'MLP__alpha': 0.031622776601683791}",23,0.622127241495,0.657729662515,0.661090529595,0.551824103786,0.0870641998454,0.000295596807102,0.0439242722486
0.219123542309,0.00301444530487,0.639899424736,relu,0.031622776601683791,"(125, 125)",adaptive,adam,"{'MLP__hidden_layer_sizes': (125, 125), 'MLP__learning_rate': 'adaptive', 'MLP__activation': 'relu', 'MLP__solver': 'adam', 'MLP__alpha': 0.031622776601683791}",11,0.645886501909,0.658875754288,0.655922962392,0.598870082433,0.0649161878801,0.000255228202511,0.0241572975854
0.338063001633,0.00704616308212,0.635365154514,relu,0.031622776601683791,"(250, 250)",adaptive,adam,"{'MLP__hidden_layer_sizes': (250, 250), 'MLP__learning_rate': 'adaptive', 'MLP__activation': 'relu', 'MLP__solver': 'adam', 'MLP__alpha': 0.031622776601683791}",14,0.630413400219,0.649584898977,0.632936699215,0.628519706993,0.0729976276749,0.000166715576594,0.00835965791237
1.13553357124,0.0165244936943,0.644191181908,relu,0.031622776601683791,"(500, 500)",adaptive,adam,"{'MLP__hidden_layer_sizes': (500, 500), 'MLP__learning_rate': 'adaptive', 'MLP__activation': 'relu', 'MLP__solver': 'adam', 'MLP__alpha': 0.031622776601683791}",6,0.647684140079,0.652995795155,0.6569658102,0.619097351335,0.473920223048,0.00178333304404,0.0148479547833
0.112948775291,0.0017004609108,0.597258872227,relu,0.01,"(125,)",adaptive,adam,"{'MLP__hidden_layer_sizes': (125,), 'MLP__learning_rate': 'adaptive', 'MLP__activation': 'relu', 'MLP__solver': 'adam', 'MLP__alpha': 0.01}",39,0.631725198314,0.546777424296,0.656461601318,0.554045989359,0.0589758872916,0.000301888264272,0.0477127096
0.127112984657,0.00273263454437,0.607121194599,relu,0.01,"(250,)",adaptive,adam,"{'MLP__hidden_layer_sizes': (250,), 'MLP__learning_rate': 'adaptive', 'MLP__activation': 'relu', 'MLP__solver': 'adam', 'MLP__alpha': 0.01}",35,0.579756864299,0.642087492839,0.628780610223,0.577886882765,0.0512210525491,0.000496598872847,0.0287035031924
0.219036519527,0.0057892203331,0.625123445015,relu,0.01,"(500,)",adaptive,adam,"{'MLP__hidden_layer_sizes': (500,), 'MLP__learning_rate': 'adaptive', 'MLP__activation': 'relu', 'MLP__solver': 'adam', 'MLP__alpha': 0.01}",20,0.621626962558,0.610478297437,0.662459315163,0.60595884615,0.0373166218081,0.000460117880649,0.0222836343001
0.265477240086,0.00342327356339,0.632939360471,relu,0.01,"(125, 125)",adaptive,adam,"{'MLP__hidden_layer_sizes': (125, 125), 'MLP__learning_rate': 'adaptive', 'MLP__activation': 'relu', 'MLP__solver': 'adam', 'MLP__alpha': 0.01}",16,0.635916330572,0.661430140436,0.653500617445,0.58086316888,0.107535266688,0.000216837888402,0.0314338889717
0.447284519672,0.00785726308823,0.647094220878,relu,0.01,"(250, 250)",adaptive,adam,"{'MLP__hidden_layer_sizes': (250, 250), 'MLP__learning_rate': 'adaptive', 'MLP__activation': 'relu', 'MLP__solver': 'adam', 'MLP__alpha': 0.01}",5,0.634479502979,0.656879062317,0.678356049512,0.618683425682,0.0580786124558,0.000312798741639,0.0225711260227
1.69092690945,0.0161312818527,0.648223744372,relu,0.01,"(500, 500)",adaptive,adam,"{'MLP__hidden_layer_sizes': (500, 500), 'MLP__learning_rate': 'adaptive', 'MLP__activation': 'relu', 'MLP__solver': 'adam', 'MLP__alpha': 0.01}",4,0.64042120916,0.673713817518,0.660554186005,0.618192223707,0.609035173575,0.00130554105704,0.0209988103175
0.0903955101967,0.00181931257248,0.61085928426,relu,0.0031622776601683794,"(125,)",adaptive,adam,"{'MLP__hidden_layer_sizes': (125,), 'MLP__learning_rate': 'adaptive', 'MLP__activation': 'relu', 'MLP__solver': 'adam', 'MLP__alpha': 0.0031622776601683794}",32,0.567817007028,0.637763573867,0.624212125803,0.613725499197,0.0363348918485,0.000470258372442,0.0262974203683
0.183970987797,0.00279515981674,0.631719993016,relu,0.0031622776601683794,"(250,)",adaptive,adam,"{'MLP__hidden_layer_sizes': (250,), 'MLP__learning_rate': 'adaptive', 'MLP__activation': 'relu', 'MLP__solver': 'adam', 'MLP__alpha': 0.0031622776601683794}",18,0.606974139908,0.641366262545,0.667841878871,0.610752273531,0.0465601007286,0.000417266788948,0.0247443558483
0.241852283478,0.00641447305679,0.628059214071,relu,0.0031622776601683794,"(500,)",adaptive,adam,"{'MLP__hidden_layer_sizes': (500,), 'MLP__learning_rate': 'adaptive', 'MLP__activation': 'relu', 'MLP__solver': 'adam', 'MLP__alpha': 0.0031622776601683794}",19,0.56613343126,0.65342610476,0.677555742243,0.615256488533,0.0870080491459,0.00166199559376,0.0421194580261
0.181300759315,0.00328582525253,0.623756662233,relu,0.0031622776601683794,"(125, 125)",adaptive,adam,"{'MLP__hidden_layer_sizes': (125, 125), 'MLP__learning_rate': 'adaptive', 'MLP__activation': 'relu', 'MLP__solver': 'adam', 'MLP__alpha': 0.0031622776601683794}",21,0.636788824027,0.663989097469,0.645947430677,0.548210479282,0.0568252059533,0.000285623088245,0.0446727639565
0.337474286556,0.00732100009918,0.617640264529,relu,0.0031622776601683794,"(250, 250)",adaptive,adam,"{'MLP__hidden_layer_sizes': (250, 250), 'MLP__learning_rate': 'adaptive', 'MLP__activation': 'relu', 'MLP__solver': 'adam', 'MLP__alpha': 0.0031622776601683794}",28,0.557838558638,0.651460116209,0.674291773974,0.587088121022,0.114199100198,0.000368996580599,0.0470773569632
1.70857799053,0.01585906744,0.639946654975,relu,0.0031622776601683794,"(500, 500)",adaptive,adam,"{'MLP__hidden_layer_sizes': (500, 500), 'MLP__learning_rate': 'adaptive', 'MLP__activation': 'relu', 'MLP__solver': 'adam', 'MLP__alpha': 0.0031622776601683794}",10,0.640089805116,0.66138586287,0.639811996652,0.618469194291,0.516136464974,0.00205961193108,0.0151710531144
