mean_fit_time,mean_score_time,mean_test_score,param_SVMR__C,param_SVMR__cache_size,param_SVMR__class_weight,param_SVMR__gamma,param_SVMR__kernel,param_SVMR__max_iter,params,rank_test_score,split0_test_score,split1_test_score,split2_test_score,split3_test_score,std_fit_time,std_score_time,std_test_score
1.67631018162,0.297499537468,0.190028618694,0.10000000000000001,8000,balanced,1.0000000000000001e-09,rbf,40000,"{'SVMR__class_weight': 'balanced', 'SVMR__C': 0.10000000000000001, 'SVMR__cache_size': 8000, 'SVMR__gamma': 1.0000000000000001e-09, 'SVMR__kernel': 'rbf', 'SVMR__max_iter': 40000}",87,0.196907216495,0.170526315789,0.196808510638,0.19587628866,0.00914828108194,0.0256502979436,0.0112687956758
1.67799133062,0.284413456917,0.190818298884,0.10000000000000001,8000,balanced,5.1794746792312017e-09,rbf,40000,"{'SVMR__class_weight': 'balanced', 'SVMR__C': 0.10000000000000001, 'SVMR__cache_size': 8000, 'SVMR__gamma': 5.1794746792312017e-09, 'SVMR__kernel': 'rbf', 'SVMR__max_iter': 40000}",63,0.196907216495,0.173684210526,0.196808510638,0.19587628866,0.0775590801049,0.0121626258859,0.00990225850757
1.73122549057,0.333544492722,0.190818298884,0.10000000000000001,8000,balanced,2.6826957952797272e-08,rbf,40000,"{'SVMR__class_weight': 'balanced', 'SVMR__C': 0.10000000000000001, 'SVMR__cache_size': 8000, 'SVMR__gamma': 2.6826957952797272e-08, 'SVMR__kernel': 'rbf', 'SVMR__max_iter': 40000}",63,0.196907216495,0.173684210526,0.196808510638,0.19587628866,0.00740151100386,0.0320704464604,0.00990225850757
1.70334547758,0.293025314808,0.190818298884,0.10000000000000001,8000,balanced,1.389495494373136e-07,rbf,40000,"{'SVMR__class_weight': 'balanced', 'SVMR__C': 0.10000000000000001, 'SVMR__cache_size': 8000, 'SVMR__gamma': 1.389495494373136e-07, 'SVMR__kernel': 'rbf', 'SVMR__max_iter': 40000}",63,0.196907216495,0.173684210526,0.196808510638,0.19587628866,0.00948500948526,0.00205703249858,0.00990225850757
1.68881326914,0.291903316975,0.190818298884,0.10000000000000001,8000,balanced,7.196856730011529e-07,rbf,40000,"{'SVMR__class_weight': 'balanced', 'SVMR__C': 0.10000000000000001, 'SVMR__cache_size': 8000, 'SVMR__gamma': 7.196856730011529e-07, 'SVMR__kernel': 'rbf', 'SVMR__max_iter': 40000}",63,0.196907216495,0.173684210526,0.196808510638,0.19587628866,0.0531008487827,0.0182331652702,0.00990225850757
1.62184119225,0.303920030594,0.190818298884,0.10000000000000001,8000,balanced,3.7275937203149381e-06,rbf,40000,"{'SVMR__class_weight': 'balanced', 'SVMR__C': 0.10000000000000001, 'SVMR__cache_size': 8000, 'SVMR__gamma': 3.7275937203149381e-06, 'SVMR__kernel': 'rbf', 'SVMR__max_iter': 40000}",63,0.196907216495,0.173684210526,0.196808510638,0.19587628866,0.0248967052922,0.0339673364662,0.00990225850757
1.64967185259,0.273312151432,0.190818298884,0.10000000000000001,8000,balanced,1.9306977288832496e-05,rbf,40000,"{'SVMR__class_weight': 'balanced', 'SVMR__C': 0.10000000000000001, 'SVMR__cache_size': 8000, 'SVMR__gamma': 1.9306977288832496e-05, 'SVMR__kernel': 'rbf', 'SVMR__max_iter': 40000}",63,0.196907216495,0.173684210526,0.196808510638,0.19587628866,0.0112055056075,0.00270219180234,0.00990225850757
1.63131898642,0.282552301884,0.190818298884,0.10000000000000001,8000,balanced,0.0001,rbf,40000,"{'SVMR__class_weight': 'balanced', 'SVMR__C': 0.10000000000000001, 'SVMR__cache_size': 8000, 'SVMR__gamma': 0.0001, 'SVMR__kernel': 'rbf', 'SVMR__max_iter': 40000}",63,0.196907216495,0.173684210526,0.196808510638,0.19587628866,0.0218071262815,0.00851063998752,0.00990225850757
1.66652750969,0.289034128189,0.689350503132,0.10000000000000001,8000,balanced,0.0005179474679231213,rbf,40000,"{'SVMR__class_weight': 'balanced', 'SVMR__C': 0.10000000000000001, 'SVMR__cache_size': 8000, 'SVMR__gamma': 0.0005179474679231213, 'SVMR__kernel': 'rbf', 'SVMR__max_iter': 40000}",45,0.732181614319,0.616979737881,0.714419713464,0.693726494826,0.0296527960205,0.00631437236433,0.0439508426263
0.957096278667,0.260836780071,0.938899135602,0.10000000000000001,8000,balanced,0.0026826957952797272,rbf,40000,"{'SVMR__class_weight': 'balanced', 'SVMR__C': 0.10000000000000001, 'SVMR__cache_size': 8000, 'SVMR__gamma': 0.0026826957952797272, 'SVMR__kernel': 'rbf', 'SVMR__max_iter': 40000}",32,0.936701923372,0.941450326711,0.937228616617,0.940224983934,0.0360187399844,0.00522183915395,0.00199347036352
0.665474951267,0.20830976963,0.953767898506,0.10000000000000001,8000,balanced,0.013894954943731389,rbf,40000,"{'SVMR__class_weight': 'balanced', 'SVMR__C': 0.10000000000000001, 'SVMR__cache_size': 8000, 'SVMR__gamma': 0.013894954943731389, 'SVMR__kernel': 'rbf', 'SVMR__max_iter': 40000}",22,0.943952663107,0.953864401627,0.959172833378,0.958131844953,0.00755410978879,0.0027306946702,0.00601779419806
1.35589170456,0.254581570625,0.877684218281,0.10000000000000001,8000,balanced,0.071968567300115291,rbf,40000,"{'SVMR__class_weight': 'balanced', 'SVMR__C': 0.10000000000000001, 'SVMR__cache_size': 8000, 'SVMR__gamma': 0.071968567300115291, 'SVMR__kernel': 'rbf', 'SVMR__max_iter': 40000}",42,0.87724640626,0.871250594063,0.875362210088,0.886905544941,0.0160245808185,0.00742649784528,0.0057395637516
1.65024095774,0.323763489723,0.109156499402,0.10000000000000001,8000,balanced,0.37275937203149379,rbf,40000,"{'SVMR__class_weight': 'balanced', 'SVMR__C': 0.10000000000000001, 'SVMR__cache_size': 8000, 'SVMR__gamma': 0.37275937203149379, 'SVMR__kernel': 'rbf', 'SVMR__max_iter': 40000}",131,0.10824742268,0.1,0.118085106383,0.110309278351,0.0552628306674,0.0465794948295,0.00643574360211
1.70079427958,0.290306448936,0.101559459011,0.10000000000000001,8000,balanced,1.9306977288832536,rbf,40000,"{'SVMR__class_weight': 'balanced', 'SVMR__C': 0.10000000000000001, 'SVMR__cache_size': 8000, 'SVMR__gamma': 1.9306977288832536, 'SVMR__kernel': 'rbf', 'SVMR__max_iter': 40000}",134,0.1,0.1,0.102127659574,0.10412371134,0.00841281816018,0.0045490595794,0.00171404489553
1.85620695353,0.378031730652,0.123790351939,0.10000000000000001,8000,balanced,10.0,rbf,40000,"{'SVMR__class_weight': 'balanced', 'SVMR__C': 0.10000000000000001, 'SVMR__cache_size': 8000, 'SVMR__gamma': 10.0, 'SVMR__kernel': 'rbf', 'SVMR__max_iter': 40000}",128,0.19381443299,0.1,0.1,0.101030927835,0.0420324490131,0.0153331769261,0.0405222539362
1.72535729408,0.286582767963,0.190028618694,0.20000000000000001,8000,balanced,1.0000000000000001e-09,rbf,40000,"{'SVMR__class_weight': 'balanced', 'SVMR__C': 0.20000000000000001, 'SVMR__cache_size': 8000, 'SVMR__gamma': 1.0000000000000001e-09, 'SVMR__kernel': 'rbf', 'SVMR__max_iter': 40000}",87,0.196907216495,0.170526315789,0.196808510638,0.19587628866,0.0956629503402,0.00768811875185,0.0112687956758
1.60919427872,0.273853898048,0.190818298884,0.20000000000000001,8000,balanced,5.1794746792312017e-09,rbf,40000,"{'SVMR__class_weight': 'balanced', 'SVMR__C': 0.20000000000000001, 'SVMR__cache_size': 8000, 'SVMR__gamma': 5.1794746792312017e-09, 'SVMR__kernel': 'rbf', 'SVMR__max_iter': 40000}",63,0.196907216495,0.173684210526,0.196808510638,0.19587628866,0.0298842042125,0.00249602606128,0.00990225850757
1.63292700052,0.299165546894,0.190818298884,0.20000000000000001,8000,balanced,2.6826957952797272e-08,rbf,40000,"{'SVMR__class_weight': 'balanced', 'SVMR__C': 0.20000000000000001, 'SVMR__cache_size': 8000, 'SVMR__gamma': 2.6826957952797272e-08, 'SVMR__kernel': 'rbf', 'SVMR__max_iter': 40000}",63,0.196907216495,0.173684210526,0.196808510638,0.19587628866,0.0422522056025,0.0339570843166,0.00990225850757
1.58658593893,0.266651034355,0.190818298884,0.20000000000000001,8000,balanced,1.389495494373136e-07,rbf,40000,"{'SVMR__class_weight': 'balanced', 'SVMR__C': 0.20000000000000001, 'SVMR__cache_size': 8000, 'SVMR__gamma': 1.389495494373136e-07, 'SVMR__kernel': 'rbf', 'SVMR__max_iter': 40000}",63,0.196907216495,0.173684210526,0.196808510638,0.19587628866,0.00566047824256,0.00403057371393,0.00990225850757
1.62580472231,0.282341778278,0.190818298884,0.20000000000000001,8000,balanced,7.196856730011529e-07,rbf,40000,"{'SVMR__class_weight': 'balanced', 'SVMR__C': 0.20000000000000001, 'SVMR__cache_size': 8000, 'SVMR__gamma': 7.196856730011529e-07, 'SVMR__kernel': 'rbf', 'SVMR__max_iter': 40000}",63,0.196907216495,0.173684210526,0.196808510638,0.19587628866,0.0206727283839,0.00143475926437,0.00990225850757
1.76533854008,0.309877276421,0.190818298884,0.20000000000000001,8000,balanced,3.7275937203149381e-06,rbf,40000,"{'SVMR__class_weight': 'balanced', 'SVMR__C': 0.20000000000000001, 'SVMR__cache_size': 8000, 'SVMR__gamma': 3.7275937203149381e-06, 'SVMR__kernel': 'rbf', 'SVMR__max_iter': 40000}",63,0.196907216495,0.173684210526,0.196808510638,0.19587628866,0.0598353442913,0.00361995865049,0.00990225850757
1.73881930113,0.286954045296,0.190818298884,0.20000000000000001,8000,balanced,1.9306977288832496e-05,rbf,40000,"{'SVMR__class_weight': 'balanced', 'SVMR__C': 0.20000000000000001, 'SVMR__cache_size': 8000, 'SVMR__gamma': 1.9306977288832496e-05, 'SVMR__kernel': 'rbf', 'SVMR__max_iter': 40000}",63,0.196907216495,0.173684210526,0.196808510638,0.19587628866,0.00993033432583,0.0052769572189,0.00990225850757
1.62578892708,0.292292773724,0.214295391933,0.20000000000000001,8000,balanced,0.0001,rbf,40000,"{'SVMR__class_weight': 'balanced', 'SVMR__C': 0.20000000000000001, 'SVMR__cache_size': 8000, 'SVMR__gamma': 0.0001, 'SVMR__kernel': 'rbf', 'SVMR__max_iter': 40000}",54,0.287400411467,0.173684210526,0.197839438473,0.197959621993,0.00457310233137,0.0247627364015,0.043442180182
1.2931188345,0.266288936138,0.909042579353,0.20000000000000001,8000,balanced,0.0005179474679231213,rbf,40000,"{'SVMR__class_weight': 'balanced', 'SVMR__C': 0.20000000000000001, 'SVMR__cache_size': 8000, 'SVMR__gamma': 0.0005179474679231213, 'SVMR__kernel': 'rbf', 'SVMR__max_iter': 40000}",39,0.908529431413,0.909056308035,0.91406795119,0.904509267864,0.0319452711548,0.00255651551651,0.00339082330017
0.618494272232,0.210152029991,0.95120639503,0.20000000000000001,8000,balanced,0.0026826957952797272,rbf,40000,"{'SVMR__class_weight': 'balanced', 'SVMR__C': 0.20000000000000001, 'SVMR__cache_size': 8000, 'SVMR__gamma': 0.0026826957952797272, 'SVMR__kernel': 'rbf', 'SVMR__max_iter': 40000}",25,0.940891657777,0.956079342769,0.94982937163,0.958077698634,0.0024036896754,0.00319567640782,0.0066985276559
0.461304783821,0.154458284378,0.965028699865,0.20000000000000001,8000,balanced,0.013894954943731389,rbf,40000,"{'SVMR__class_weight': 'balanced', 'SVMR__C': 0.20000000000000001, 'SVMR__cache_size': 8000, 'SVMR__gamma': 0.013894954943731389, 'SVMR__kernel': 'rbf', 'SVMR__max_iter': 40000}",15,0.955412798459,0.967539265882,0.968625506517,0.968582317894,0.0120947040962,0.00186418925942,0.00558129260379
1.04350578785,0.200385987759,0.913602001413,0.20000000000000001,8000,balanced,0.071968567300115291,rbf,40000,"{'SVMR__class_weight': 'balanced', 'SVMR__C': 0.20000000000000001, 'SVMR__cache_size': 8000, 'SVMR__gamma': 0.071968567300115291, 'SVMR__kernel': 'rbf', 'SVMR__max_iter': 40000}",37,0.915798701663,0.913253579771,0.906935500629,0.918421480742,0.00690576241105,0.00135179721625,0.00425826362788
1.66566872597,0.278106033802,0.109156499402,0.20000000000000001,8000,balanced,0.37275937203149379,rbf,40000,"{'SVMR__class_weight': 'balanced', 'SVMR__C': 0.20000000000000001, 'SVMR__cache_size': 8000, 'SVMR__gamma': 0.37275937203149379, 'SVMR__kernel': 'rbf', 'SVMR__max_iter': 40000}",131,0.10824742268,0.1,0.118085106383,0.110309278351,0.0200405141974,0.00808822413766,0.00643574360211
1.82828527689,0.322246789932,0.101559459011,0.20000000000000001,8000,balanced,1.9306977288832536,rbf,40000,"{'SVMR__class_weight': 'balanced', 'SVMR__C': 0.20000000000000001, 'SVMR__cache_size': 8000, 'SVMR__gamma': 1.9306977288832536, 'SVMR__kernel': 'rbf', 'SVMR__max_iter': 40000}",134,0.1,0.1,0.102127659574,0.10412371134,0.0163009701864,0.0238163575695,0.00171404489553
2.02541005611,0.345157384872,0.100256990381,0.20000000000000001,8000,balanced,10.0,rbf,40000,"{'SVMR__class_weight': 'balanced', 'SVMR__C': 0.20000000000000001, 'SVMR__cache_size': 8000, 'SVMR__gamma': 10.0, 'SVMR__kernel': 'rbf', 'SVMR__max_iter': 40000}",146,0.1,0.1,0.1,0.101030927835,0.191522760412,0.00907672387585,0.000445975875154
1.61795479059,0.286093235016,0.194951009542,0.30000000000000004,8000,balanced,1.0000000000000001e-09,rbf,40000,"{'SVMR__class_weight': 'balanced', 'SVMR__C': 0.30000000000000004, 'SVMR__cache_size': 8000, 'SVMR__gamma': 1.0000000000000001e-09, 'SVMR__kernel': 'rbf', 'SVMR__max_iter': 40000}",62,0.324773827057,0.170103092784,0.184210526316,0.1,0.0176649286397,0.0249132612943,0.0815994430847
1.59079146385,0.270921230316,0.196503468749,0.30000000000000004,8000,balanced,5.1794746792312017e-09,rbf,40000,"{'SVMR__class_weight': 'balanced', 'SVMR__C': 0.30000000000000004, 'SVMR__cache_size': 8000, 'SVMR__gamma': 5.1794746792312017e-09, 'SVMR__kernel': 'rbf', 'SVMR__max_iter': 40000}",61,0.331990321902,0.169072164948,0.184210526316,0.1,0.0474598151713,0.00467256901927,0.0845708328572
1.6313970089,0.273026645184,0.196761268124,0.30000000000000004,8000,balanced,2.6826957952797272e-08,rbf,40000,"{'SVMR__class_weight': 'balanced', 'SVMR__C': 0.30000000000000004, 'SVMR__cache_size': 8000, 'SVMR__gamma': 2.6826957952797272e-08, 'SVMR__kernel': 'rbf', 'SVMR__max_iter': 40000}",58,0.331990321902,0.170103092784,0.184210526316,0.1,0.0329338058129,0.00353014983162,0.0844883514826
1.67762255669,0.280126214027,0.196761268124,0.30000000000000004,8000,balanced,1.389495494373136e-07,rbf,40000,"{'SVMR__class_weight': 'balanced', 'SVMR__C': 0.30000000000000004, 'SVMR__cache_size': 8000, 'SVMR__gamma': 1.389495494373136e-07, 'SVMR__kernel': 'rbf', 'SVMR__max_iter': 40000}",58,0.331990321902,0.170103092784,0.184210526316,0.1,0.0349516521631,0.00820381176376,0.0844883514826
1.72230231762,0.290481925011,0.196761268124,0.30000000000000004,8000,balanced,7.196856730011529e-07,rbf,40000,"{'SVMR__class_weight': 'balanced', 'SVMR__C': 0.30000000000000004, 'SVMR__cache_size': 8000, 'SVMR__gamma': 7.196856730011529e-07, 'SVMR__kernel': 'rbf', 'SVMR__max_iter': 40000}",58,0.331990321902,0.170103092784,0.184210526316,0.1,0.0360868088222,0.00108974331419,0.0844883514826
1.6294144392,0.274152576923,0.197019876492,0.30000000000000004,8000,balanced,3.7275937203149381e-06,rbf,40000,"{'SVMR__class_weight': 'balanced', 'SVMR__C': 0.30000000000000004, 'SVMR__cache_size': 8000, 'SVMR__gamma': 3.7275937203149381e-06, 'SVMR__kernel': 'rbf', 'SVMR__max_iter': 40000}",57,0.333021249737,0.170103092784,0.184210526316,0.1,0.0251455486189,0.000709991141279,0.0849024380954
1.59412145615,0.267857968807,0.197795701599,0.30000000000000004,8000,balanced,1.9306977288832496e-05,rbf,40000,"{'SVMR__class_weight': 'balanced', 'SVMR__C': 0.30000000000000004, 'SVMR__cache_size': 8000, 'SVMR__gamma': 1.9306977288832496e-05, 'SVMR__kernel': 'rbf', 'SVMR__max_iter': 40000}",56,0.336114033242,0.170103092784,0.184210526316,0.1,0.0498988371057,0.00219999618545,0.086146666266
1.57899171114,0.294039547443,0.399758510216,0.30000000000000004,8000,balanced,0.0001,rbf,40000,"{'SVMR__class_weight': 'balanced', 'SVMR__C': 0.30000000000000004, 'SVMR__cache_size': 8000, 'SVMR__gamma': 0.0001, 'SVMR__kernel': 'rbf', 'SVMR__max_iter': 40000}",50,0.410190265876,0.515287516884,0.264217106706,0.409194246103,0.0345975150399,0.0158760594948,0.0893105069984
1.06658554077,0.258402466774,0.927100540763,0.30000000000000004,8000,balanced,0.0005179474679231213,rbf,40000,"{'SVMR__class_weight': 'balanced', 'SVMR__C': 0.30000000000000004, 'SVMR__cache_size': 8000, 'SVMR__gamma': 0.0005179474679231213, 'SVMR__kernel': 'rbf', 'SVMR__max_iter': 40000}",36,0.931449942334,0.930977683433,0.926678519066,0.919257315393,0.0202438360853,0.00244414613333,0.00488709867887
0.540954470634,0.189335227013,0.958517686804,0.30000000000000004,8000,balanced,0.0026826957952797272,rbf,40000,"{'SVMR__class_weight': 'balanced', 'SVMR__C': 0.30000000000000004, 'SVMR__cache_size': 8000, 'SVMR__gamma': 0.0026826957952797272, 'SVMR__kernel': 'rbf', 'SVMR__max_iter': 40000}",19,0.947132035507,0.962330254307,0.960280763325,0.964383675244,0.0338833454056,0.00440196371786,0.00674592754627
0.379350304604,0.134285449982,0.972589649522,0.30000000000000004,8000,balanced,0.013894954943731389,rbf,40000,"{'SVMR__class_weight': 'balanced', 'SVMR__C': 0.30000000000000004, 'SVMR__cache_size': 8000, 'SVMR__gamma': 0.013894954943731389, 'SVMR__kernel': 'rbf', 'SVMR__max_iter': 40000}",11,0.968849748547,0.96752830097,0.978034772168,0.975973828036,0.00780042174967,0.00126289888127,0.00449177516375
0.976282477379,0.189137458801,0.927459741613,0.30000000000000004,8000,balanced,0.071968567300115291,rbf,40000,"{'SVMR__class_weight': 'balanced', 'SVMR__C': 0.30000000000000004, 'SVMR__cache_size': 8000, 'SVMR__gamma': 0.071968567300115291, 'SVMR__kernel': 'rbf', 'SVMR__max_iter': 40000}",35,0.926218534342,0.931008973959,0.921620507729,0.930999846554,0.0132965728894,0.0119002297103,0.00389590678973
2.01846021414,0.343895554543,0.11611141836,0.30000000000000004,8000,balanced,0.37275937203149379,rbf,40000,"{'SVMR__class_weight': 'balanced', 'SVMR__C': 0.30000000000000004, 'SVMR__cache_size': 8000, 'SVMR__gamma': 0.37275937203149379, 'SVMR__kernel': 'rbf', 'SVMR__max_iter': 40000}",130,0.117517939398,0.125937705637,0.107369113725,0.113599473569,0.0891400235818,0.0231305213645,0.0067310072327
1.771723032,0.289160430431,0.100516407744,0.30000000000000004,8000,balanced,1.9306977288832536,rbf,40000,"{'SVMR__class_weight': 'balanced', 'SVMR__C': 0.30000000000000004, 'SVMR__cache_size': 8000, 'SVMR__gamma': 1.9306977288832536, 'SVMR__kernel': 'rbf', 'SVMR__max_iter': 40000}",138,0.101030927835,0.101030927835,0.1,0.1,0.0177036183314,0.0162273806298,0.000515463053441
1.67703104019,0.33067125082,0.124975229886,0.30000000000000004,8000,balanced,10.0,rbf,40000,"{'SVMR__class_weight': 'balanced', 'SVMR__C': 0.30000000000000004, 'SVMR__cache_size': 8000, 'SVMR__gamma': 10.0, 'SVMR__kernel': 'rbf', 'SVMR__max_iter': 40000}",127,0.1,0.101030927835,0.198947368421,0.1,0.047003797399,0.00259268898759,0.0426875669004
1.63433843851,0.279271245003,0.190028618694,0.40000000000000002,8000,balanced,1.0000000000000001e-09,rbf,40000,"{'SVMR__class_weight': 'balanced', 'SVMR__C': 0.40000000000000002, 'SVMR__cache_size': 8000, 'SVMR__gamma': 1.0000000000000001e-09, 'SVMR__kernel': 'rbf', 'SVMR__max_iter': 40000}",87,0.196907216495,0.170526315789,0.196808510638,0.19587628866,0.0339612189827,0.00836931189556,0.0112687956758
1.61073940992,0.291412293911,0.190818298884,0.40000000000000002,8000,balanced,5.1794746792312017e-09,rbf,40000,"{'SVMR__class_weight': 'balanced', 'SVMR__C': 0.40000000000000002, 'SVMR__cache_size': 8000, 'SVMR__gamma': 5.1794746792312017e-09, 'SVMR__kernel': 'rbf', 'SVMR__max_iter': 40000}",63,0.196907216495,0.173684210526,0.196808510638,0.19587628866,0.0334906691737,0.0194523824111,0.00990225850757
1.62918579578,0.266883969307,0.190818298884,0.40000000000000002,8000,balanced,2.6826957952797272e-08,rbf,40000,"{'SVMR__class_weight': 'balanced', 'SVMR__C': 0.40000000000000002, 'SVMR__cache_size': 8000, 'SVMR__gamma': 2.6826957952797272e-08, 'SVMR__kernel': 'rbf', 'SVMR__max_iter': 40000}",63,0.196907216495,0.173684210526,0.196808510638,0.19587628866,0.0897063522883,0.0033283056899,0.00990225850757
1.69791102409,0.296262264252,0.190818298884,0.40000000000000002,8000,balanced,1.389495494373136e-07,rbf,40000,"{'SVMR__class_weight': 'balanced', 'SVMR__C': 0.40000000000000002, 'SVMR__cache_size': 8000, 'SVMR__gamma': 1.389495494373136e-07, 'SVMR__kernel': 'rbf', 'SVMR__max_iter': 40000}",63,0.196907216495,0.173684210526,0.196808510638,0.19587628866,0.017601389643,0.0194188865799,0.00990225850757
1.64087402821,0.305720210075,0.190818298884,0.40000000000000002,8000,balanced,7.196856730011529e-07,rbf,40000,"{'SVMR__class_weight': 'balanced', 'SVMR__C': 0.40000000000000002, 'SVMR__cache_size': 8000, 'SVMR__gamma': 7.196856730011529e-07, 'SVMR__kernel': 'rbf', 'SVMR__max_iter': 40000}",63,0.196907216495,0.173684210526,0.196808510638,0.19587628866,0.0362103121263,0.032123447114,0.00990225850757
1.60510200262,0.264089226723,0.190818298884,0.40000000000000002,8000,balanced,3.7275937203149381e-06,rbf,40000,"{'SVMR__class_weight': 'balanced', 'SVMR__C': 0.40000000000000002, 'SVMR__cache_size': 8000, 'SVMR__gamma': 3.7275937203149381e-06, 'SVMR__kernel': 'rbf', 'SVMR__max_iter': 40000}",63,0.196907216495,0.173684210526,0.196808510638,0.19587628866,0.0191632789336,0.00249130462054,0.00990225850757
1.57215207815,0.272782921791,0.190818298884,0.40000000000000002,8000,balanced,1.9306977288832496e-05,rbf,40000,"{'SVMR__class_weight': 'balanced', 'SVMR__C': 0.40000000000000002, 'SVMR__cache_size': 8000, 'SVMR__gamma': 1.9306977288832496e-05, 'SVMR__kernel': 'rbf', 'SVMR__max_iter': 40000}",63,0.196907216495,0.173684210526,0.196808510638,0.19587628866,0.0354853404286,0.0063071825701,0.00990225850757
1.6131195426,0.275515913963,0.544383530621,0.40000000000000002,8000,balanced,0.0001,rbf,40000,"{'SVMR__class_weight': 'balanced', 'SVMR__C': 0.40000000000000002, 'SVMR__cache_size': 8000, 'SVMR__gamma': 0.0001, 'SVMR__kernel': 'rbf', 'SVMR__max_iter': 40000}",48,0.571645874657,0.472115655653,0.588717631983,0.545017773788,0.0230387212915,0.00456607223811,0.0445369113278
0.915938794613,0.238428294659,0.936266297553,0.40000000000000002,8000,balanced,0.0005179474679231213,rbf,40000,"{'SVMR__class_weight': 'balanced', 'SVMR__C': 0.40000000000000002, 'SVMR__cache_size': 8000, 'SVMR__gamma': 0.0005179474679231213, 'SVMR__kernel': 'rbf', 'SVMR__max_iter': 40000}",34,0.936680205492,0.938302937509,0.936143083086,0.933930205531,0.0184871693148,0.00257375063835,0.00156346434176
0.430515527725,0.167075753212,0.962957230248,0.40000000000000002,8000,balanced,0.0026826957952797272,rbf,40000,"{'SVMR__class_weight': 'balanced', 'SVMR__C': 0.40000000000000002, 'SVMR__cache_size': 8000, 'SVMR__gamma': 0.0026826957952797272, 'SVMR__kernel': 'rbf', 'SVMR__max_iter': 40000}",16,0.951289313199,0.967528534266,0.965544613893,0.967520099533,0.00647876164964,0.00298117051375,0.00679990234327
0.340442538261,0.124934971333,0.975991916283,0.40000000000000002,8000,balanced,0.013894954943731389,rbf,40000,"{'SVMR__class_weight': 'balanced', 'SVMR__C': 0.40000000000000002, 'SVMR__cache_size': 8000, 'SVMR__gamma': 0.013894954943731389, 'SVMR__kernel': 'rbf', 'SVMR__max_iter': 40000}",7,0.974016236195,0.972781186625,0.978067674121,0.979120757861,0.00931808358871,0.00202286235623,0.00265964929158
0.947378993034,0.195150017738,0.936840925027,0.40000000000000002,8000,balanced,0.071968567300115291,rbf,40000,"{'SVMR__class_weight': 'balanced', 'SVMR__C': 0.40000000000000002, 'SVMR__cache_size': 8000, 'SVMR__gamma': 0.071968567300115291, 'SVMR__kernel': 'rbf', 'SVMR__max_iter': 40000}",33,0.935628464394,0.936207713295,0.935164682929,0.940375984172,0.00803252916972,0.0314821721998,0.0020702892689
1.70927470922,0.287422537804,0.119683167598,0.40000000000000002,8000,balanced,0.37275937203149379,rbf,40000,"{'SVMR__class_weight': 'balanced', 'SVMR__C': 0.40000000000000002, 'SVMR__cache_size': 8000, 'SVMR__gamma': 0.37275937203149379, 'SVMR__kernel': 'rbf', 'SVMR__max_iter': 40000}",129,0.115694231191,0.113632375521,0.124237771441,0.125202895372,0.0298260368926,0.00555359984067,0.00509154323178
1.74077904224,0.297637760639,0.101559459011,0.40000000000000002,8000,balanced,1.9306977288832536,rbf,40000,"{'SVMR__class_weight': 'balanced', 'SVMR__C': 0.40000000000000002, 'SVMR__cache_size': 8000, 'SVMR__gamma': 1.9306977288832536, 'SVMR__kernel': 'rbf', 'SVMR__max_iter': 40000}",134,0.1,0.1,0.102127659574,0.10412371134,0.0411005692713,0.01107089805,0.00171404489553
1.8298317194,0.38477820158,0.100256990381,0.40000000000000002,8000,balanced,10.0,rbf,40000,"{'SVMR__class_weight': 'balanced', 'SVMR__C': 0.40000000000000002, 'SVMR__cache_size': 8000, 'SVMR__gamma': 10.0, 'SVMR__kernel': 'rbf', 'SVMR__max_iter': 40000}",146,0.1,0.1,0.1,0.101030927835,0.0452551748958,0.0382753116434,0.000445975875154
1.58367347717,0.262582540512,0.162875655232,0.5,8000,balanced,1.0000000000000001e-09,rbf,40000,"{'SVMR__class_weight': 'balanced', 'SVMR__C': 0.5, 'SVMR__cache_size': 8000, 'SVMR__gamma': 1.0000000000000001e-09, 'SVMR__kernel': 'rbf', 'SVMR__max_iter': 40000}",101,0.196907216495,0.170103092784,0.184210526316,0.1,0.0284912625316,0.00313764318187,0.037453729549
1.57322072983,0.28827226162,0.162617855857,0.5,8000,balanced,5.1794746792312017e-09,rbf,40000,"{'SVMR__class_weight': 'balanced', 'SVMR__C': 0.5, 'SVMR__cache_size': 8000, 'SVMR__gamma': 5.1794746792312017e-09, 'SVMR__kernel': 'rbf', 'SVMR__max_iter': 40000}",116,0.196907216495,0.169072164948,0.184210526316,0.1,0.0267270697124,0.0292873471332,0.037406613204
1.600712955,0.271416068077,0.162875655232,0.5,8000,balanced,2.6826957952797272e-08,rbf,40000,"{'SVMR__class_weight': 'balanced', 'SVMR__C': 0.5, 'SVMR__cache_size': 8000, 'SVMR__gamma': 2.6826957952797272e-08, 'SVMR__kernel': 'rbf', 'SVMR__max_iter': 40000}",101,0.196907216495,0.170103092784,0.184210526316,0.1,0.042664499279,0.00602891376257,0.037453729549
1.65845626593,0.285016715527,0.162875655232,0.5,8000,balanced,1.389495494373136e-07,rbf,40000,"{'SVMR__class_weight': 'balanced', 'SVMR__C': 0.5, 'SVMR__cache_size': 8000, 'SVMR__gamma': 1.389495494373136e-07, 'SVMR__kernel': 'rbf', 'SVMR__max_iter': 40000}",101,0.196907216495,0.170103092784,0.184210526316,0.1,0.0304013818091,0.0045634069356,0.037453729549
1.66879105568,0.272835671902,0.162875655232,0.5,8000,balanced,7.196856730011529e-07,rbf,40000,"{'SVMR__class_weight': 'balanced', 'SVMR__C': 0.5, 'SVMR__cache_size': 8000, 'SVMR__gamma': 7.196856730011529e-07, 'SVMR__kernel': 'rbf', 'SVMR__max_iter': 40000}",101,0.196907216495,0.170103092784,0.184210526316,0.1,0.00586810742972,0.00311171260401,0.037453729549
1.59535288811,0.280255615711,0.162875655232,0.5,8000,balanced,3.7275937203149381e-06,rbf,40000,"{'SVMR__class_weight': 'balanced', 'SVMR__C': 0.5, 'SVMR__cache_size': 8000, 'SVMR__gamma': 3.7275937203149381e-06, 'SVMR__kernel': 'rbf', 'SVMR__max_iter': 40000}",101,0.196907216495,0.170103092784,0.184210526316,0.1,0.0215892943215,0.0233308470813,0.037453729549
1.76673924923,0.343643724918,0.162875655232,0.5,8000,balanced,1.9306977288832496e-05,rbf,40000,"{'SVMR__class_weight': 'balanced', 'SVMR__C': 0.5, 'SVMR__cache_size': 8000, 'SVMR__gamma': 1.9306977288832496e-05, 'SVMR__kernel': 'rbf', 'SVMR__max_iter': 40000}",101,0.196907216495,0.170103092784,0.184210526316,0.1,0.228721787442,0.0777910326215,0.037453729549
1.77185428143,0.252570450306,0.685661180654,0.5,8000,balanced,0.0001,rbf,40000,"{'SVMR__class_weight': 'balanced', 'SVMR__C': 0.5, 'SVMR__cache_size': 8000, 'SVMR__gamma': 0.0001, 'SVMR__kernel': 'rbf', 'SVMR__max_iter': 40000}",46,0.705128759958,0.725051647407,0.62956015285,0.682775332579,0.2432253577,0.0145176992253,0.0356561698898
0.78502959013,0.213964223862,0.941510503549,0.5,8000,balanced,0.0005179474679231213,rbf,40000,"{'SVMR__class_weight': 'balanced', 'SVMR__C': 0.5, 'SVMR__cache_size': 8000, 'SVMR__gamma': 0.0005179474679231213, 'SVMR__kernel': 'rbf', 'SVMR__max_iter': 40000}",31,0.936713107444,0.945639608659,0.942459565232,0.941244946857,0.0332127374377,0.0102660021998,0.00320614911909
0.373896181583,0.155642390251,0.966895608645,0.5,8000,balanced,0.0026826957952797272,rbf,40000,"{'SVMR__class_weight': 'balanced', 'SVMR__C': 0.5, 'SVMR__cache_size': 8000, 'SVMR__gamma': 0.0026826957952797272, 'SVMR__kernel': 'rbf', 'SVMR__max_iter': 40000}",14,0.955500306107,0.970675923467,0.972847923714,0.968605633064,0.00744635212188,0.00193387817704,0.0067621561062
0.311342000961,0.114456474781,0.977561859994,0.5,8000,balanced,0.013894954943731389,rbf,40000,"{'SVMR__class_weight': 'balanced', 'SVMR__C': 0.5, 'SVMR__cache_size': 8000, 'SVMR__gamma': 0.013894954943731389, 'SVMR__kernel': 'rbf', 'SVMR__max_iter': 40000}",6,0.976110993817,0.97175025879,0.980151233535,0.982256948854,0.00960973951552,0.00782850515565,0.00401795158824
0.878026306629,0.171720921993,0.943627543159,0.5,8000,balanced,0.071968567300115291,rbf,40000,"{'SVMR__class_weight': 'balanced', 'SVMR__C': 0.5, 'SVMR__cache_size': 8000, 'SVMR__gamma': 0.071968567300115291, 'SVMR__kernel': 'rbf', 'SVMR__max_iter': 40000}",30,0.943909891747,0.944618953064,0.941404855635,0.944576238249,0.0211546809814,0.0055663250949,0.00131311064418
1.5907087326,0.252984523773,0.156090356536,0.5,8000,balanced,0.37275937203149379,rbf,40000,"{'SVMR__class_weight': 'balanced', 'SVMR__C': 0.5, 'SVMR__cache_size': 8000, 'SVMR__gamma': 0.37275937203149379, 'SVMR__kernel': 'rbf', 'SVMR__max_iter': 40000}",119,0.127319342602,0.154299188419,0.136794426294,0.206175742122,0.0899738713018,0.016139203245,0.0304432417745
1.53979605436,0.275181770325,0.100257799375,0.5,8000,balanced,1.9306977288832536,rbf,40000,"{'SVMR__class_weight': 'balanced', 'SVMR__C': 0.5, 'SVMR__cache_size': 8000, 'SVMR__gamma': 1.9306977288832536, 'SVMR__kernel': 'rbf', 'SVMR__max_iter': 40000}",139,0.1,0.101030927835,0.1,0.1,0.0346122914619,0.0323384631984,0.00044644376326
1.48694449663,0.28914052248,0.100257799375,0.5,8000,balanced,10.0,rbf,40000,"{'SVMR__class_weight': 'balanced', 'SVMR__C': 0.5, 'SVMR__cache_size': 8000, 'SVMR__gamma': 10.0, 'SVMR__kernel': 'rbf', 'SVMR__max_iter': 40000}",139,0.1,0.101030927835,0.1,0.1,0.0300949121341,0.0046736277965,0.00044644376326
1.41893726587,0.232351303101,0.162875655232,0.59999999999999998,8000,balanced,1.0000000000000001e-09,rbf,40000,"{'SVMR__class_weight': 'balanced', 'SVMR__C': 0.59999999999999998, 'SVMR__cache_size': 8000, 'SVMR__gamma': 1.0000000000000001e-09, 'SVMR__kernel': 'rbf', 'SVMR__max_iter': 40000}",101,0.196907216495,0.170103092784,0.184210526316,0.1,0.0315568707263,0.00349824024125,0.037453729549
1.36872750521,0.223033547401,0.162617855857,0.59999999999999998,8000,balanced,5.1794746792312017e-09,rbf,40000,"{'SVMR__class_weight': 'balanced', 'SVMR__C': 0.59999999999999998, 'SVMR__cache_size': 8000, 'SVMR__gamma': 5.1794746792312017e-09, 'SVMR__kernel': 'rbf', 'SVMR__max_iter': 40000}",116,0.196907216495,0.169072164948,0.184210526316,0.1,0.0515131131916,0.00153396991246,0.037406613204
1.36145764589,0.247840225697,0.162875655232,0.59999999999999998,8000,balanced,2.6826957952797272e-08,rbf,40000,"{'SVMR__class_weight': 'balanced', 'SVMR__C': 0.59999999999999998, 'SVMR__cache_size': 8000, 'SVMR__gamma': 2.6826957952797272e-08, 'SVMR__kernel': 'rbf', 'SVMR__max_iter': 40000}",101,0.196907216495,0.170103092784,0.184210526316,0.1,0.040098116247,0.0322565732529,0.037453729549
1.42065626383,0.242587506771,0.162875655232,0.59999999999999998,8000,balanced,1.389495494373136e-07,rbf,40000,"{'SVMR__class_weight': 'balanced', 'SVMR__C': 0.59999999999999998, 'SVMR__cache_size': 8000, 'SVMR__gamma': 1.389495494373136e-07, 'SVMR__kernel': 'rbf', 'SVMR__max_iter': 40000}",101,0.196907216495,0.170103092784,0.184210526316,0.1,0.0191620635602,0.0162832918578,0.037453729549
1.37807494402,0.22851806879,0.162875655232,0.59999999999999998,8000,balanced,7.196856730011529e-07,rbf,40000,"{'SVMR__class_weight': 'balanced', 'SVMR__C': 0.59999999999999998, 'SVMR__cache_size': 8000, 'SVMR__gamma': 7.196856730011529e-07, 'SVMR__kernel': 'rbf', 'SVMR__max_iter': 40000}",101,0.196907216495,0.170103092784,0.184210526316,0.1,0.0588519286312,0.00958017294929,0.037453729549
1.36278301477,0.242702722549,0.186155686143,0.59999999999999998,8000,balanced,3.7275937203149381e-06,rbf,40000,"{'SVMR__class_weight': 'balanced', 'SVMR__C': 0.59999999999999998, 'SVMR__cache_size': 8000, 'SVMR__gamma': 3.7275937203149381e-06, 'SVMR__kernel': 'rbf', 'SVMR__max_iter': 40000}",92,0.289711760993,0.170103092784,0.184210526316,0.1,0.0637020097,0.0334539329251,0.0678662381368
1.39341443777,0.245561003685,0.189987312178,0.59999999999999998,8000,balanced,1.9306977288832496e-05,rbf,40000,"{'SVMR__class_weight': 'balanced', 'SVMR__C': 0.59999999999999998, 'SVMR__cache_size': 8000, 'SVMR__gamma': 1.9306977288832496e-05, 'SVMR__kernel': 'rbf', 'SVMR__max_iter': 40000}",91,0.304986324427,0.170103092784,0.184210526316,0.1,0.0514706769007,0.011544907635,0.0737783683793
1.24803471565,0.234696269035,0.781726805007,0.59999999999999998,8000,balanced,0.0001,rbf,40000,"{'SVMR__class_weight': 'balanced', 'SVMR__C': 0.59999999999999998, 'SVMR__cache_size': 8000, 'SVMR__gamma': 0.0001, 'SVMR__kernel': 'rbf', 'SVMR__max_iter': 40000}",44,0.780791984132,0.783439531118,0.775460338717,0.787229011056,0.0162777560549,0.0171084232495,0.00427890193545
0.638060331345,0.191962242126,0.9451683659,0.59999999999999998,8000,balanced,0.0005179474679231213,rbf,40000,"{'SVMR__class_weight': 'balanced', 'SVMR__C': 0.59999999999999998, 'SVMR__cache_size': 8000, 'SVMR__gamma': 0.0005179474679231213, 'SVMR__kernel': 'rbf', 'SVMR__max_iter': 40000}",29,0.940880678728,0.949817925695,0.944532619111,0.945455932549,0.0142061996122,0.00185357757269,0.00318422482722
0.300353944302,0.124830245972,0.969749885654,0.59999999999999998,8000,balanced,0.0026826957952797272,rbf,40000,"{'SVMR__class_weight': 'balanced', 'SVMR__C': 0.59999999999999998, 'SVMR__cache_size': 8000, 'SVMR__gamma': 0.0026826957952797272, 'SVMR__kernel': 'rbf', 'SVMR__max_iter': 40000}",13,0.960656288219,0.972759482881,0.974931483128,0.970689192478,0.00229567249889,0.00142031510695,0.00547134348074
0.249665021896,0.0923127532005,0.980163148029,0.59999999999999998,8000,balanced,0.013894954943731389,rbf,40000,"{'SVMR__class_weight': 'balanced', 'SVMR__C': 0.59999999999999998, 'SVMR__cache_size': 8000, 'SVMR__gamma': 0.013894954943731389, 'SVMR__kernel': 'rbf', 'SVMR__max_iter': 40000}",5,0.979226378762,0.976948305453,0.981203865114,0.983287876689,0.00180280336681,0.00187726748663,0.00234715329016
0.767508804798,0.14009898901,0.948336123283,0.59999999999999998,8000,balanced,0.071968567300115291,rbf,40000,"{'SVMR__class_weight': 'balanced', 'SVMR__C': 0.59999999999999998, 'SVMR__cache_size': 8000, 'SVMR__gamma': 0.071968567300115291, 'SVMR__kernel': 'rbf', 'SVMR__max_iter': 40000}",27,0.947013414083,0.950913964762,0.945616074624,0.949806960783,0.0155698343694,0.00124497182941,0.00211852017557
1.50507777929,0.252917468548,0.174531647346,0.59999999999999998,8000,balanced,0.37275937203149379,rbf,40000,"{'SVMR__class_weight': 'balanced', 'SVMR__C': 0.59999999999999998, 'SVMR__cache_size': 8000, 'SVMR__gamma': 0.37275937203149379, 'SVMR__kernel': 'rbf', 'SVMR__max_iter': 40000}",93,0.157730705355,0.178394153843,0.160933491878,0.201190394073,0.024194000389,0.00854598895166,0.01725951182
1.42107206583,0.247106730938,0.100257799375,0.59999999999999998,8000,balanced,1.9306977288832536,rbf,40000,"{'SVMR__class_weight': 'balanced', 'SVMR__C': 0.59999999999999998, 'SVMR__cache_size': 8000, 'SVMR__gamma': 1.9306977288832536, 'SVMR__kernel': 'rbf', 'SVMR__max_iter': 40000}",139,0.1,0.101030927835,0.1,0.1,0.024692162097,0.0140705276191,0.00044644376326
1.58258324862,0.352038264275,0.100257799375,0.59999999999999998,8000,balanced,10.0,rbf,40000,"{'SVMR__class_weight': 'balanced', 'SVMR__C': 0.59999999999999998, 'SVMR__cache_size': 8000, 'SVMR__gamma': 10.0, 'SVMR__kernel': 'rbf', 'SVMR__max_iter': 40000}",139,0.1,0.101030927835,0.1,0.1,0.0745371589357,0.0321776112139,0.00044644376326
1.49466842413,0.244483232498,0.145345297737,0.70000000000000007,8000,balanced,1.0000000000000001e-09,rbf,40000,"{'SVMR__class_weight': 'balanced', 'SVMR__C': 0.70000000000000007, 'SVMR__cache_size': 8000, 'SVMR__gamma': 1.0000000000000001e-09, 'SVMR__kernel': 'rbf', 'SVMR__max_iter': 40000}",120,0.196907216495,0.1,0.184210526316,0.1,0.0706435965515,0.00707153346949,0.0455082582957
1.43714082241,0.249375939369,0.145345297737,0.70000000000000007,8000,balanced,5.1794746792312017e-09,rbf,40000,"{'SVMR__class_weight': 'balanced', 'SVMR__C': 0.70000000000000007, 'SVMR__cache_size': 8000, 'SVMR__gamma': 5.1794746792312017e-09, 'SVMR__kernel': 'rbf', 'SVMR__max_iter': 40000}",120,0.196907216495,0.1,0.184210526316,0.1,0.0298479392745,0.0155182957958,0.0455082582957
1.54461222887,0.271839439869,0.145345297737,0.70000000000000007,8000,balanced,2.6826957952797272e-08,rbf,40000,"{'SVMR__class_weight': 'balanced', 'SVMR__C': 0.70000000000000007, 'SVMR__cache_size': 8000, 'SVMR__gamma': 2.6826957952797272e-08, 'SVMR__kernel': 'rbf', 'SVMR__max_iter': 40000}",120,0.196907216495,0.1,0.184210526316,0.1,0.039091631533,0.010934639897,0.0455082582957
1.49450904131,0.237101495266,0.145345297737,0.70000000000000007,8000,balanced,1.389495494373136e-07,rbf,40000,"{'SVMR__class_weight': 'balanced', 'SVMR__C': 0.70000000000000007, 'SVMR__cache_size': 8000, 'SVMR__gamma': 1.389495494373136e-07, 'SVMR__kernel': 'rbf', 'SVMR__max_iter': 40000}",120,0.196907216495,0.1,0.184210526316,0.1,0.0378884183138,0.00626287455847,0.0455082582957
1.3206641674,0.232682585716,0.145345297737,0.70000000000000007,8000,balanced,7.196856730011529e-07,rbf,40000,"{'SVMR__class_weight': 'balanced', 'SVMR__C': 0.70000000000000007, 'SVMR__cache_size': 8000, 'SVMR__gamma': 7.196856730011529e-07, 'SVMR__kernel': 'rbf', 'SVMR__max_iter': 40000}",120,0.196907216495,0.1,0.184210526316,0.1,0.00789309860657,0.0129736915903,0.0455082582957
1.49602723122,0.255355715752,0.145345297737,0.70000000000000007,8000,balanced,3.7275937203149381e-06,rbf,40000,"{'SVMR__class_weight': 'balanced', 'SVMR__C': 0.70000000000000007, 'SVMR__cache_size': 8000, 'SVMR__gamma': 3.7275937203149381e-06, 'SVMR__kernel': 'rbf', 'SVMR__max_iter': 40000}",120,0.196907216495,0.1,0.184210526316,0.1,0.0435339351877,0.0350854755611,0.0455082582957
1.51409864426,0.244956851006,0.145345297737,0.70000000000000007,8000,balanced,1.9306977288832496e-05,rbf,40000,"{'SVMR__class_weight': 'balanced', 'SVMR__C': 0.70000000000000007, 'SVMR__cache_size': 8000, 'SVMR__gamma': 1.9306977288832496e-05, 'SVMR__kernel': 'rbf', 'SVMR__max_iter': 40000}",120,0.196907216495,0.1,0.184210526316,0.1,0.123052111259,0.0115894561862,0.0455082582957
1.24060225487,0.223845183849,0.862723470104,0.70000000000000007,8000,balanced,0.0001,rbf,40000,"{'SVMR__class_weight': 'balanced', 'SVMR__C': 0.70000000000000007, 'SVMR__cache_size': 8000, 'SVMR__gamma': 0.0001, 'SVMR__kernel': 'rbf', 'SVMR__max_iter': 40000}",43,0.856901499393,0.867931171906,0.866778725713,0.859294233885,0.0326109039673,0.0050790167305,0.00472482467942
0.583155035973,0.197727739811,0.94620799819,0.70000000000000007,8000,balanced,0.0005179474679231213,rbf,40000,"{'SVMR__class_weight': 'balanced', 'SVMR__C': 0.70000000000000007, 'SVMR__cache_size': 8000, 'SVMR__gamma': 0.0005179474679231213, 'SVMR__kernel': 'rbf', 'SVMR__max_iter': 40000}",28,0.940858974984,0.950870557274,0.944532619111,0.948592356838,0.0235403598349,0.0233737257301,0.00383822836523
0.27590739727,0.117625296116,0.971321746904,0.70000000000000007,8000,balanced,0.0026826957952797272,rbf,40000,"{'SVMR__class_weight': 'balanced', 'SVMR__C': 0.70000000000000007, 'SVMR__cache_size': 8000, 'SVMR__gamma': 0.0026826957952797272, 'SVMR__kernel': 'rbf', 'SVMR__max_iter': 40000}",12,0.960656288219,0.974854240504,0.977047944494,0.972772525812,0.00181994399426,0.00201572446968,0.00635379622872
0.238123953342,0.0893092751503,0.980937632536,0.70000000000000007,8000,balanced,0.013894954943731389,rbf,40000,"{'SVMR__class_weight': 'balanced', 'SVMR__C': 0.70000000000000007, 'SVMR__cache_size': 8000, 'SVMR__gamma': 0.013894954943731389, 'SVMR__kernel': 'rbf', 'SVMR__max_iter': 40000}",4,0.976121732648,0.979020899955,0.984318352363,0.984318804524,0.00184629666169,0.000815311216262,0.00352726205866
0.781045556068,0.138562738895,0.953036328122,0.70000000000000007,8000,balanced,0.071968567300115291,rbf,40000,"{'SVMR__class_weight': 'balanced', 'SVMR__C': 0.70000000000000007, 'SVMR__cache_size': 8000, 'SVMR__gamma': 0.071968567300115291, 'SVMR__kernel': 'rbf', 'SVMR__max_iter': 40000}",23,0.954284733785,0.955091596341,0.950847023239,0.951912223941,0.0112208563388,0.00322595476826,0.00172034282975
1.80383205414,0.413049221039,0.278494088509,0.70000000000000007,8000,balanced,0.37275937203149379,rbf,40000,"{'SVMR__class_weight': 'balanced', 'SVMR__C': 0.70000000000000007, 'SVMR__cache_size': 8000, 'SVMR__gamma': 0.37275937203149379, 'SVMR__kernel': 'rbf', 'SVMR__max_iter': 40000}",52,0.207645066382,0.295466803662,0.210132646818,0.401267932526,0.282741761719,0.247391357591,0.0790956169393
1.77032250166,0.285374760628,0.1,0.70000000000000007,8000,balanced,1.9306977288832536,rbf,40000,"{'SVMR__class_weight': 'balanced', 'SVMR__C': 0.70000000000000007, 'SVMR__cache_size': 8000, 'SVMR__gamma': 1.9306977288832536, 'SVMR__kernel': 'rbf', 'SVMR__max_iter': 40000}",149,0.1,0.1,0.1,0.1,0.0954535875835,0.0248995306845,2.30418739269e-17
1.65345990658,0.323053061962,0.1,0.70000000000000007,8000,balanced,10.0,rbf,40000,"{'SVMR__class_weight': 'balanced', 'SVMR__C': 0.70000000000000007, 'SVMR__cache_size': 8000, 'SVMR__gamma': 10.0, 'SVMR__kernel': 'rbf', 'SVMR__max_iter': 40000}",149,0.1,0.1,0.1,0.1,0.0608176581877,0.0457634387511,2.30418739269e-17
1.49167650938,0.263815522194,0.190028618694,0.80000000000000004,8000,balanced,1.0000000000000001e-09,rbf,40000,"{'SVMR__class_weight': 'balanced', 'SVMR__C': 0.80000000000000004, 'SVMR__cache_size': 8000, 'SVMR__gamma': 1.0000000000000001e-09, 'SVMR__kernel': 'rbf', 'SVMR__max_iter': 40000}",87,0.196907216495,0.170526315789,0.196808510638,0.19587628866,0.0691950610747,0.0212760603756,0.0112687956758
1.47341626883,0.25406396389,0.190818298884,0.80000000000000004,8000,balanced,5.1794746792312017e-09,rbf,40000,"{'SVMR__class_weight': 'balanced', 'SVMR__C': 0.80000000000000004, 'SVMR__cache_size': 8000, 'SVMR__gamma': 5.1794746792312017e-09, 'SVMR__kernel': 'rbf', 'SVMR__max_iter': 40000}",63,0.196907216495,0.173684210526,0.196808510638,0.19587628866,0.0651689832595,0.00335931219768,0.00990225850757
1.5079562068,0.259676277637,0.190818298884,0.80000000000000004,8000,balanced,2.6826957952797272e-08,rbf,40000,"{'SVMR__class_weight': 'balanced', 'SVMR__C': 0.80000000000000004, 'SVMR__cache_size': 8000, 'SVMR__gamma': 2.6826957952797272e-08, 'SVMR__kernel': 'rbf', 'SVMR__max_iter': 40000}",63,0.196907216495,0.173684210526,0.196808510638,0.19587628866,0.0496905773214,0.0211690220049,0.00990225850757
1.40928947926,0.230110526085,0.190818298884,0.80000000000000004,8000,balanced,1.389495494373136e-07,rbf,40000,"{'SVMR__class_weight': 'balanced', 'SVMR__C': 0.80000000000000004, 'SVMR__cache_size': 8000, 'SVMR__gamma': 1.389495494373136e-07, 'SVMR__kernel': 'rbf', 'SVMR__max_iter': 40000}",63,0.196907216495,0.173684210526,0.196808510638,0.19587628866,0.0236594982953,0.00441543510515,0.00990225850757
1.41379773617,0.237715423107,0.190818298884,0.80000000000000004,8000,balanced,7.196856730011529e-07,rbf,40000,"{'SVMR__class_weight': 'balanced', 'SVMR__C': 0.80000000000000004, 'SVMR__cache_size': 8000, 'SVMR__gamma': 7.196856730011529e-07, 'SVMR__kernel': 'rbf', 'SVMR__max_iter': 40000}",63,0.196907216495,0.173684210526,0.196808510638,0.19587628866,0.0878173737669,0.0141140177441,0.00990225850757
1.49590426683,0.252364218235,0.190818298884,0.80000000000000004,8000,balanced,3.7275937203149381e-06,rbf,40000,"{'SVMR__class_weight': 'balanced', 'SVMR__C': 0.80000000000000004, 'SVMR__cache_size': 8000, 'SVMR__gamma': 3.7275937203149381e-06, 'SVMR__kernel': 'rbf', 'SVMR__max_iter': 40000}",63,0.196907216495,0.173684210526,0.196808510638,0.19587628866,0.00982672213004,0.0159618611314,0.00990225850757
1.62418049574,0.266384005547,0.199003934304,0.80000000000000004,8000,balanced,1.9306977288832496e-05,rbf,40000,"{'SVMR__class_weight': 'balanced', 'SVMR__C': 0.80000000000000004, 'SVMR__cache_size': 8000, 'SVMR__gamma': 1.9306977288832496e-05, 'SVMR__kernel': 'rbf', 'SVMR__max_iter': 40000}",55,0.229538795442,0.173684210526,0.196808510638,0.19587628866,0.0174311614548,0.0142099397966,0.0199460177502
1.26131004095,0.243298709393,0.896524934572,0.80000000000000004,8000,balanced,0.0001,rbf,40000,"{'SVMR__class_weight': 'balanced', 'SVMR__C': 0.80000000000000004, 'SVMR__cache_size': 8000, 'SVMR__gamma': 0.0001, 'SVMR__kernel': 'rbf', 'SVMR__max_iter': 40000}",41,0.894940703596,0.892300077348,0.906873852761,0.891986659798,0.0328283653379,0.0158254067143,0.00608122418193
0.591060698032,0.197208046913,0.949895079694,0.80000000000000004,8000,balanced,0.0005179474679231213,rbf,40000,"{'SVMR__class_weight': 'balanced', 'SVMR__C': 0.80000000000000004, 'SVMR__cache_size': 8000, 'SVMR__gamma': 0.0005179474679231213, 'SVMR__kernel': 'rbf', 'SVMR__max_iter': 40000}",26,0.941922804771,0.955059379846,0.949806975214,0.95282527957,0.0278159876297,0.0200203654936,0.0049754242716
0.277609705925,0.12994325161,0.97262045491,0.80000000000000004,8000,balanced,0.0026826957952797272,rbf,40000,"{'SVMR__class_weight': 'balanced', 'SVMR__C': 0.80000000000000004, 'SVMR__cache_size': 8000, 'SVMR__gamma': 0.0026826957952797272, 'SVMR__kernel': 'rbf', 'SVMR__max_iter': 40000}",10,0.962697104546,0.976937799918,0.978100576073,0.97278372402,0.00480649861104,0.0200705855068,0.00607220762133
0.318188488483,0.114295482635,0.981987476442,0.80000000000000004,8000,balanced,0.013894954943731389,rbf,40000,"{'SVMR__class_weight': 'balanced', 'SVMR__C': 0.80000000000000004, 'SVMR__cache_size': 8000, 'SVMR__gamma': 0.013894954943731389, 'SVMR__kernel': 'rbf', 'SVMR__max_iter': 40000}",1,0.978227674343,0.981093494457,0.985370983942,0.983277137857,0.0344689790638,0.011542405685,0.00264958366602
0.863652527332,0.139610528946,0.956409695141,0.80000000000000004,8000,balanced,0.071968567300115291,rbf,40000,"{'SVMR__class_weight': 'balanced', 'SVMR__C': 0.80000000000000004, 'SVMR__cache_size': 8000, 'SVMR__gamma': 0.071968567300115291, 'SVMR__kernel': 'rbf', 'SVMR__max_iter': 40000}",20,0.957432801522,0.958195118678,0.957054293993,0.952943151776,0.054862396248,0.00118518560325,0.00203938747598
1.52048277855,0.243083059788,0.344973100145,0.80000000000000004,8000,balanced,0.37275937203149379,rbf,40000,"{'SVMR__class_weight': 'balanced', 'SVMR__C': 0.80000000000000004, 'SVMR__cache_size': 8000, 'SVMR__gamma': 0.37275937203149379, 'SVMR__kernel': 'rbf', 'SVMR__max_iter': 40000}",51,0.327387264184,0.376281963958,0.322047194098,0.354236251409,0.05998845569,0.0108897627299,0.0218034310454
1.4685254693,0.260089814663,0.101559459011,0.80000000000000004,8000,balanced,1.9306977288832536,rbf,40000,"{'SVMR__class_weight': 'balanced', 'SVMR__C': 0.80000000000000004, 'SVMR__cache_size': 8000, 'SVMR__gamma': 1.9306977288832536, 'SVMR__kernel': 'rbf', 'SVMR__max_iter': 40000}",134,0.1,0.1,0.102127659574,0.10412371134,0.0471651194842,0.026243634,0.00171404489553
1.44266521931,0.300177276134,0.100256990381,0.80000000000000004,8000,balanced,10.0,rbf,40000,"{'SVMR__class_weight': 'balanced', 'SVMR__C': 0.80000000000000004, 'SVMR__cache_size': 8000, 'SVMR__gamma': 10.0, 'SVMR__kernel': 'rbf', 'SVMR__max_iter': 40000}",146,0.1,0.1,0.1,0.101030927835,0.0195126014197,0.0191529706538,0.000445975875154
1.39845746756,0.238590300083,0.166047336927,0.90000000000000002,8000,balanced,1.0000000000000001e-09,rbf,40000,"{'SVMR__class_weight': 'balanced', 'SVMR__C': 0.90000000000000002, 'SVMR__cache_size': 8000, 'SVMR__gamma': 1.0000000000000001e-09, 'SVMR__kernel': 'rbf', 'SVMR__max_iter': 40000}",95,0.196907216495,0.170103092784,0.196907216495,0.1,0.0272127658184,0.00810614804683,0.0396021084332
1.42777323723,0.248236715794,0.165789537552,0.90000000000000002,8000,balanced,5.1794746792312017e-09,rbf,40000,"{'SVMR__class_weight': 'balanced', 'SVMR__C': 0.90000000000000002, 'SVMR__cache_size': 8000, 'SVMR__gamma': 5.1794746792312017e-09, 'SVMR__kernel': 'rbf', 'SVMR__max_iter': 40000}",100,0.196907216495,0.169072164948,0.196907216495,0.1,0.0205237897098,0.0207644479783,0.0395782157473
1.44338452816,0.272960782051,0.166047336927,0.90000000000000002,8000,balanced,2.6826957952797272e-08,rbf,40000,"{'SVMR__class_weight': 'balanced', 'SVMR__C': 0.90000000000000002, 'SVMR__cache_size': 8000, 'SVMR__gamma': 2.6826957952797272e-08, 'SVMR__kernel': 'rbf', 'SVMR__max_iter': 40000}",95,0.196907216495,0.170103092784,0.196907216495,0.1,0.0844914807141,0.0442756254346,0.0396021084332
1.51422476768,0.255870521069,0.166047336927,0.90000000000000002,8000,balanced,1.389495494373136e-07,rbf,40000,"{'SVMR__class_weight': 'balanced', 'SVMR__C': 0.90000000000000002, 'SVMR__cache_size': 8000, 'SVMR__gamma': 1.389495494373136e-07, 'SVMR__kernel': 'rbf', 'SVMR__max_iter': 40000}",95,0.196907216495,0.170103092784,0.196907216495,0.1,0.0446967856218,0.0102595657066,0.0396021084332
1.50689804554,0.246327757835,0.166047336927,0.90000000000000002,8000,balanced,7.196856730011529e-07,rbf,40000,"{'SVMR__class_weight': 'balanced', 'SVMR__C': 0.90000000000000002, 'SVMR__cache_size': 8000, 'SVMR__gamma': 7.196856730011529e-07, 'SVMR__kernel': 'rbf', 'SVMR__max_iter': 40000}",95,0.196907216495,0.170103092784,0.196907216495,0.1,0.0113025723881,0.00615776149431,0.0396021084332
1.64797544479,0.284738481045,0.166047336927,0.90000000000000002,8000,balanced,3.7275937203149381e-06,rbf,40000,"{'SVMR__class_weight': 'balanced', 'SVMR__C': 0.90000000000000002, 'SVMR__cache_size': 8000, 'SVMR__gamma': 3.7275937203149381e-06, 'SVMR__kernel': 'rbf', 'SVMR__max_iter': 40000}",95,0.196907216495,0.170103092784,0.196907216495,0.1,0.125905086146,0.0434057159048,0.0396021084332
1.586589396,0.265730857849,0.168647105423,0.90000000000000002,8000,balanced,1.9306977288832496e-05,rbf,40000,"{'SVMR__class_weight': 'balanced', 'SVMR__C': 0.90000000000000002, 'SVMR__cache_size': 8000, 'SVMR__gamma': 1.9306977288832496e-05, 'SVMR__kernel': 'rbf', 'SVMR__max_iter': 40000}",94,0.198980256237,0.171134020619,0.194845360825,0.109375,0.0464563052907,0.018446202901,0.0357711444266
1.23984974623,0.237794697285,0.903062942162,0.90000000000000002,8000,balanced,0.0001,rbf,40000,"{'SVMR__class_weight': 'balanced', 'SVMR__C': 0.90000000000000002, 'SVMR__cache_size': 8000, 'SVMR__gamma': 0.0001, 'SVMR__kernel': 'rbf', 'SVMR__max_iter': 40000}",40,0.900227409957,0.903846829868,0.908902113806,0.89927854533,0.082625789031,0.0096257586228,0.00377597156797
0.518114328384,0.175857722759,0.951475190322,0.90000000000000002,8000,balanced,0.0005179474679231213,rbf,40000,"{'SVMR__class_weight': 'balanced', 'SVMR__C': 0.90000000000000002, 'SVMR__cache_size': 8000, 'SVMR__gamma': 0.0005179474679231213, 'SVMR__kernel': 'rbf', 'SVMR__max_iter': 40000}",24,0.940870618433,0.955059379846,0.952987266367,0.957035805886,0.00508804241052,0.00234764582084,0.00630089643499
0.27904099226,0.132700026035,0.974436204309,0.90000000000000002,8000,balanced,0.0026826957952797272,rbf,40000,"{'SVMR__class_weight': 'balanced', 'SVMR__C': 0.90000000000000002, 'SVMR__cache_size': 8000, 'SVMR__gamma': 0.0026826957952797272, 'SVMR__kernel': 'rbf', 'SVMR__max_iter': 40000}",8,0.964748440544,0.976937799918,0.978078872329,0.978025178171,0.0270469668805,0.0256397064695,0.00562436256445
0.274305522442,0.111818730831,0.981726991657,0.90000000000000002,8000,balanced,0.013894954943731389,rbf,40000,"{'SVMR__class_weight': 'balanced', 'SVMR__C': 0.90000000000000002, 'SVMR__cache_size': 8000, 'SVMR__gamma': 0.013894954943731389, 'SVMR__kernel': 'rbf', 'SVMR__max_iter': 40000}",2,0.978227674343,0.98005182779,0.985370983942,0.983277137857,0.0203079754917,0.0158652320942,0.00277299783778
0.966987192631,0.169683039188,0.959784572918,0.90000000000000002,8000,balanced,0.071968567300115291,rbf,40000,"{'SVMR__class_weight': 'balanced', 'SVMR__C': 0.90000000000000002, 'SVMR__cache_size': 8000, 'SVMR__gamma': 0.071968567300115291, 'SVMR__kernel': 'rbf', 'SVMR__max_iter': 40000}",18,0.958453209686,0.961309605927,0.962285242609,0.95708856686,0.0610218985933,0.0212429114866,0.00209766931759
1.56720304489,0.245111465454,0.512149474457,0.90000000000000002,8000,balanced,0.37275937203149379,rbf,40000,"{'SVMR__class_weight': 'balanced', 'SVMR__C': 0.90000000000000002, 'SVMR__cache_size': 8000, 'SVMR__gamma': 0.37275937203149379, 'SVMR__kernel': 'rbf', 'SVMR__max_iter': 40000}",49,0.530390636762,0.52943743434,0.484402627538,0.504256163344,0.029369950256,0.0145796539568,0.0191326400748
1.64021921158,0.280813038349,0.100257799375,0.90000000000000002,8000,balanced,1.9306977288832536,rbf,40000,"{'SVMR__class_weight': 'balanced', 'SVMR__C': 0.90000000000000002, 'SVMR__cache_size': 8000, 'SVMR__gamma': 1.9306977288832536, 'SVMR__kernel': 'rbf', 'SVMR__max_iter': 40000}",139,0.1,0.101030927835,0.1,0.1,0.0767273419815,0.0194681210701,0.00044644376326
1.67986238003,0.314952850342,0.100257799375,0.90000000000000002,8000,balanced,10.0,rbf,40000,"{'SVMR__class_weight': 'balanced', 'SVMR__C': 0.90000000000000002, 'SVMR__cache_size': 8000, 'SVMR__gamma': 10.0, 'SVMR__kernel': 'rbf', 'SVMR__max_iter': 40000}",139,0.1,0.101030927835,0.1,0.1,0.0435973590082,0.0142186831394,0.00044644376326
1.46157252789,0.239971458912,0.162875655232,1.0,8000,balanced,1.0000000000000001e-09,rbf,40000,"{'SVMR__class_weight': 'balanced', 'SVMR__C': 1.0, 'SVMR__cache_size': 8000, 'SVMR__gamma': 1.0000000000000001e-09, 'SVMR__kernel': 'rbf', 'SVMR__max_iter': 40000}",101,0.196907216495,0.170103092784,0.184210526316,0.1,0.0798848856149,0.00399964411933,0.037453729549
1.38827580214,0.227939724922,0.162617855857,1.0,8000,balanced,5.1794746792312017e-09,rbf,40000,"{'SVMR__class_weight': 'balanced', 'SVMR__C': 1.0, 'SVMR__cache_size': 8000, 'SVMR__gamma': 5.1794746792312017e-09, 'SVMR__kernel': 'rbf', 'SVMR__max_iter': 40000}",116,0.196907216495,0.169072164948,0.184210526316,0.1,0.00832749133122,0.00457887739049,0.037406613204
1.39600080252,0.243215441704,0.162875655232,1.0,8000,balanced,2.6826957952797272e-08,rbf,40000,"{'SVMR__class_weight': 'balanced', 'SVMR__C': 1.0, 'SVMR__cache_size': 8000, 'SVMR__gamma': 2.6826957952797272e-08, 'SVMR__kernel': 'rbf', 'SVMR__max_iter': 40000}",101,0.196907216495,0.170103092784,0.184210526316,0.1,0.0406267035848,0.00477404141851,0.037453729549
1.42197746038,0.235438525677,0.162875655232,1.0,8000,balanced,1.389495494373136e-07,rbf,40000,"{'SVMR__class_weight': 'balanced', 'SVMR__C': 1.0, 'SVMR__cache_size': 8000, 'SVMR__gamma': 1.389495494373136e-07, 'SVMR__kernel': 'rbf', 'SVMR__max_iter': 40000}",101,0.196907216495,0.170103092784,0.184210526316,0.1,0.045259989854,0.00564090766289,0.037453729549
1.41620343924,0.247807562351,0.162875655232,1.0,8000,balanced,7.196856730011529e-07,rbf,40000,"{'SVMR__class_weight': 'balanced', 'SVMR__C': 1.0, 'SVMR__cache_size': 8000, 'SVMR__gamma': 7.196856730011529e-07, 'SVMR__kernel': 'rbf', 'SVMR__max_iter': 40000}",101,0.196907216495,0.170103092784,0.184210526316,0.1,0.0111500145325,0.00790590073046,0.037453729549
1.45763152838,0.27737390995,0.162875655232,1.0,8000,balanced,3.7275937203149381e-06,rbf,40000,"{'SVMR__class_weight': 'balanced', 'SVMR__C': 1.0, 'SVMR__cache_size': 8000, 'SVMR__gamma': 3.7275937203149381e-06, 'SVMR__kernel': 'rbf', 'SVMR__max_iter': 40000}",101,0.196907216495,0.170103092784,0.184210526316,0.1,0.0994341661688,0.0334365833285,0.037453729549
1.41265922785,0.238557875156,0.245254375888,1.0,8000,balanced,1.9306977288832496e-05,rbf,40000,"{'SVMR__class_weight': 'balanced', 'SVMR__C': 1.0, 'SVMR__cache_size': 8000, 'SVMR__gamma': 1.9306977288832496e-05, 'SVMR__kernel': 'rbf', 'SVMR__max_iter': 40000}",53,0.230740460319,0.287606702859,0.185241454151,0.277512886598,0.0651046203571,0.00896803381363,0.0407489286665
1.15360277891,0.237054467201,0.909309618453,1.0,8000,balanced,0.0001,rbf,40000,"{'SVMR__class_weight': 'balanced', 'SVMR__C': 1.0, 'SVMR__cache_size': 8000, 'SVMR__gamma': 0.0001, 'SVMR__kernel': 'rbf', 'SVMR__max_iter': 40000}",38,0.906478095414,0.912170795284,0.91406795119,0.904520466073,0.0156681527845,0.00772088403206,0.00392833328287
0.576578497887,0.186349511147,0.954074701828,1.0,8000,balanced,0.0005179474679231213,rbf,40000,"{'SVMR__class_weight': 'balanced', 'SVMR__C': 1.0, 'SVMR__cache_size': 8000, 'SVMR__gamma': 0.0005179474679231213, 'SVMR__kernel': 'rbf', 'SVMR__max_iter': 40000}",21,0.941923250012,0.958152163351,0.95508202399,0.961202924714,0.00796726788,0.00837567152794,0.00735644599227
0.265006482601,0.117711544037,0.974176024384,1.0,8000,balanced,0.0026826957952797272,rbf,40000,"{'SVMR__class_weight': 'balanced', 'SVMR__C': 1.0, 'SVMR__cache_size': 8000, 'SVMR__gamma': 0.0026826957952797272, 'SVMR__kernel': 'rbf', 'SVMR__max_iter': 40000}",9,0.965768848707,0.974875944248,0.97702624075,0.97907780975,0.00283172458568,0.00131659457367,0.00508642038961
0.258751451969,0.0958530306816,0.981726991657,1.0,8000,balanced,0.013894954943731389,rbf,40000,"{'SVMR__class_weight': 'balanced', 'SVMR__C': 1.0, 'SVMR__cache_size': 8000, 'SVMR__gamma': 0.013894954943731389, 'SVMR__kernel': 'rbf', 'SVMR__max_iter': 40000}",2,0.978227674343,0.98005182779,0.985370983942,0.983277137857,0.00901297388017,0.00170557938857,0.00277299783778
1.04619699717,0.164339244366,0.961337471456,1.0,8000,balanced,0.071968567300115291,rbf,40000,"{'SVMR__class_weight': 'balanced', 'SVMR__C': 1.0, 'SVMR__cache_size': 8000, 'SVMR__gamma': 0.071968567300115291, 'SVMR__kernel': 'rbf', 'SVMR__max_iter': 40000}",17,0.960504545684,0.963371461597,0.963316170444,0.958152396647,0.0635262389558,0.00706423835056,0.00217152088354
1.75321096182,0.300403296947,0.660448381848,1.0,8000,balanced,0.37275937203149379,rbf,40000,"{'SVMR__class_weight': 'balanced', 'SVMR__C': 1.0, 'SVMR__cache_size': 8000, 'SVMR__gamma': 0.37275937203149379, 'SVMR__kernel': 'rbf', 'SVMR__max_iter': 40000}",47,0.619965213862,0.678463262373,0.667901317233,0.675646261203,0.110379056236,0.0429655697522,0.023742863619
1.49047708511,0.263057470322,0.103603316413,1.0,8000,balanced,1.9306977288832536,rbf,40000,"{'SVMR__class_weight': 'balanced', 'SVMR__C': 1.0, 'SVMR__cache_size': 8000, 'SVMR__gamma': 1.9306977288832536, 'SVMR__kernel': 'rbf', 'SVMR__max_iter': 40000}",133,0.101020408163,0.10618556701,0.103092783505,0.10412371134,0.0161952143949,0.00759259628777,0.00186375523457
1.61803042889,0.306972563267,0.100257799375,1.0,8000,balanced,10.0,rbf,40000,"{'SVMR__class_weight': 'balanced', 'SVMR__C': 1.0, 'SVMR__cache_size': 8000, 'SVMR__gamma': 10.0, 'SVMR__kernel': 'rbf', 'SVMR__max_iter': 40000}",139,0.1,0.101030927835,0.1,0.1,0.0242287951372,0.0084681860507,0.00044644376326
